
---
events:
  -
    kind: "message-v1"
    backtrace:
      - "C:/Users/marce/AppData/Local/vcpkg/downloads/tools/cmake-3.31.10-windows/cmake-3.31.10-windows-x86_64/share/cmake-3.31/Modules/CMakeDetermineSystem.cmake:205 (message)"
      - "CMakeLists.txt:9 (project)"
    message: |
      The system is: Windows - 10.0.26200 - AMD64
  -
    kind: "message-v1"
    backtrace:
      - "C:/Users/marce/AppData/Local/vcpkg/downloads/tools/cmake-3.31.10-windows/cmake-3.31.10-windows-x86_64/share/cmake-3.31/Modules/CMakeDetermineCompilerId.cmake:17 (message)"
      - "C:/Users/marce/AppData/Local/vcpkg/downloads/tools/cmake-3.31.10-windows/cmake-3.31.10-windows-x86_64/share/cmake-3.31/Modules/CMakeDetermineCompilerId.cmake:64 (__determine_compiler_id_test)"
      - "C:/Users/marce/AppData/Local/vcpkg/downloads/tools/cmake-3.31.10-windows/cmake-3.31.10-windows-x86_64/share/cmake-3.31/Modules/CMakeDetermineCCompiler.cmake:123 (CMAKE_DETERMINE_COMPILER_ID)"
      - "CMakeLists.txt:9 (project)"
    message: |
      Compiling the C compiler identification source file "CMakeCCompilerId.c" succeeded.
      Compiler: C:/Program Files/Microsoft Visual Studio/18/Community/VC/Tools/MSVC/14.50.35717/bin/Hostx64/x64/cl.exe 
      Build flags: /nologo;/DWIN32;/D_WINDOWS;/utf-8;/MP
      Id flags:  
      
      The output was:
      0
      CMakeCCompilerId.c
      
      
      Compilation of the C compiler identification source "CMakeCCompilerId.c" produced "CMakeCCompilerId.exe"
      
      Compilation of the C compiler identification source "CMakeCCompilerId.c" produced "CMakeCCompilerId.obj"
      
      The C compiler identification is MSVC, found in:
        C:/Users/marce/source/repos/PortalDungeon/vcpkg_installed/x64-windows/vcpkg/blds/sdl2/x64-windows-rel/CMakeFiles/3.31.10/CompilerIdC/CMakeCCompilerId.exe
      
  -
    kind: "message-v1"
    backtrace:
      - "C:/Users/marce/AppData/Local/vcpkg/downloads/tools/cmake-3.31.10-windows/cmake-3.31.10-windows-x86_64/share/cmake-3.31/Modules/CMakeDetermineCompilerId.cmake:1289 (message)"
      - "C:/Users/marce/AppData/Local/vcpkg/downloads/tools/cmake-3.31.10-windows/cmake-3.31.10-windows-x86_64/share/cmake-3.31/Modules/CMakeDetermineCompilerId.cmake:250 (CMAKE_DETERMINE_MSVC_SHOWINCLUDES_PREFIX)"
      - "C:/Users/marce/AppData/Local/vcpkg/downloads/tools/cmake-3.31.10-windows/cmake-3.31.10-windows-x86_64/share/cmake-3.31/Modules/CMakeDetermineCCompiler.cmake:123 (CMAKE_DETERMINE_COMPILER_ID)"
      - "CMakeLists.txt:9 (project)"
    message: |
      Detecting C compiler /showIncludes prefix:
        main.c
        Note: including file: C:\\Users\\marce\\source\\repos\\PortalDungeon\\vcpkg_installed\\x64-windows\\vcpkg\\blds\\sdl2\\x64-windows-rel\\CMakeFiles\\ShowIncludes\\foo.h
        
      Found prefix "Note: including file: "
  -
    kind: "try_compile-v1"
    backtrace:
      - "C:/Users/marce/AppData/Local/vcpkg/downloads/tools/cmake-3.31.10-windows/cmake-3.31.10-windows-x86_64/share/cmake-3.31/Modules/CMakeDetermineCompilerABI.cmake:74 (try_compile)"
      - "C:/Users/marce/AppData/Local/vcpkg/downloads/tools/cmake-3.31.10-windows/cmake-3.31.10-windows-x86_64/share/cmake-3.31/Modules/CMakeTestCCompiler.cmake:26 (CMAKE_DETERMINE_COMPILER_ABI)"
      - "CMakeLists.txt:9 (project)"
    checks:
      - "Detecting C compiler ABI info"
    directories:
      source: "C:/Users/marce/source/repos/PortalDungeon/vcpkg_installed/x64-windows/vcpkg/blds/sdl2/x64-windows-rel/CMakeFiles/CMakeScratch/TryCompile-jhu2y8"
      binary: "C:/Users/marce/source/repos/PortalDungeon/vcpkg_installed/x64-windows/vcpkg/blds/sdl2/x64-windows-rel/CMakeFiles/CMakeScratch/TryCompile-jhu2y8"
    cmakeVariables:
      CMAKE_C_FLAGS: " /nologo /DWIN32 /D_WINDOWS /utf-8 /MP "
      CMAKE_C_FLAGS_DEBUG: "/MDd /Z7 /Ob0 /Od /RTC1 "
      CMAKE_EXE_LINKER_FLAGS: "/machine:x64"
      CMAKE_MSVC_DEBUG_INFORMATION_FORMAT: ""
      CMAKE_MSVC_RUNTIME_LIBRARY: "MultiThreaded$<$<CONFIG:Debug>:Debug>$<$<STREQUAL:dynamic,dynamic>:DLL>"
      VCPKG_CHAINLOAD_TOOLCHAIN_FILE: "C:/Program Files/Microsoft Visual Studio/18/Community/VC/vcpkg/scripts/toolchains/windows.cmake"
      VCPKG_CRT_LINKAGE: "dynamic"
      VCPKG_CXX_FLAGS: ""
      VCPKG_CXX_FLAGS_DEBUG: ""
      VCPKG_CXX_FLAGS_RELEASE: ""
      VCPKG_C_FLAGS: ""
      VCPKG_C_FLAGS_DEBUG: ""
      VCPKG_C_FLAGS_RELEASE: ""
      VCPKG_INSTALLED_DIR: "C:/Users/marce/source/repos/PortalDungeon/vcpkg_installed/x64-windows"
      VCPKG_LINKER_FLAGS: ""
      VCPKG_LINKER_FLAGS_DEBUG: ""
      VCPKG_LINKER_FLAGS_RELEASE: ""
      VCPKG_PLATFORM_TOOLSET: "v145"
      VCPKG_PREFER_SYSTEM_LIBS: "OFF"
      VCPKG_SET_CHARSET_FLAG: "ON"
      VCPKG_TARGET_ARCHITECTURE: "x64"
      VCPKG_TARGET_TRIPLET: "x64-windows"
      Z_VCPKG_ROOT_DIR: "C:/Program Files/Microsoft Visual Studio/18/Community/VC/vcpkg"
    buildResult:
      variable: "CMAKE_C_ABI_COMPILED"
      cached: true
      stdout: |
        Change Dir: 'C:/Users/marce/source/repos/PortalDungeon/vcpkg_installed/x64-windows/vcpkg/blds/sdl2/x64-windows-rel/CMakeFiles/CMakeScratch/TryCompile-jhu2y8'
        
        Run Build Command(s): C:/Users/marce/AppData/Local/vcpkg/downloads/tools/ninja/1.13.1-windows/ninja.exe -v cmTC_51e77
        [1/2] C:\\PROGRA~1\\MIB055~1\\18\\COMMUN~1\\VC\\Tools\\MSVC\\1450~1.357\\bin\\Hostx64\\x64\\cl.exe  /nologo   /nologo /DWIN32 /D_WINDOWS /utf-8 /MP   /MDd /Z7 /Ob0 /Od /RTC1  -MDd /showIncludes /FoCMakeFiles\\cmTC_51e77.dir\\CMakeCCompilerABI.c.obj /FdCMakeFiles\\cmTC_51e77.dir\\ /FS -c C:\\Users\\marce\\AppData\\Local\\vcpkg\\downloads\\tools\\cmake-3.31.10-windows\\cmake-3.31.10-windows-x86_64\\share\\cmake-3.31\\Modules\\CMakeCCompilerABI.c
        [2/2] C:\\WINDOWS\\system32\\cmd.exe /C "cd . && C:\\Users\\marce\\AppData\\Local\\vcpkg\\downloads\\tools\\cmake-3.31.10-windows\\cmake-3.31.10-windows-x86_64\\bin\\cmake.exe -E vs_link_exe --msvc-ver=1950 --intdir=CMakeFiles\\cmTC_51e77.dir --rc=C:\\PROGRA~2\\WI3CF2~1\\10\\bin\\100261~1.0\\x64\\rc.exe --mt=C:\\PROGRA~2\\WI3CF2~1\\10\\bin\\100261~1.0\\x64\\mt.exe --manifests  -- C:\\PROGRA~1\\MIB055~1\\18\\COMMUN~1\\VC\\Tools\\MSVC\\1450~1.357\\bin\\Hostx64\\x64\\link.exe /nologo CMakeFiles\\cmTC_51e77.dir\\CMakeCCompilerABI.c.obj  /out:cmTC_51e77.exe /implib:cmTC_51e77.lib /pdb:cmTC_51e77.pdb /version:0.0 /machine:x64  /nologo    /debug /INCREMENTAL /subsystem:console  kernel32.lib user32.lib gdi32.lib winspool.lib shell32.lib ole32.lib oleaut32.lib uuid.lib comdlg32.lib advapi32.lib && cd ."
        
      exitCode: 0
  -
    kind: "message-v1"
    backtrace:
      - "C:/Users/marce/AppData/Local/vcpkg/downloads/tools/cmake-3.31.10-windows/cmake-3.31.10-windows-x86_64/share/cmake-3.31/Modules/CMakeDetermineCompilerABI.cmake:218 (message)"
      - "C:/Users/marce/AppData/Local/vcpkg/downloads/tools/cmake-3.31.10-windows/cmake-3.31.10-windows-x86_64/share/cmake-3.31/Modules/CMakeTestCCompiler.cmake:26 (CMAKE_DETERMINE_COMPILER_ABI)"
      - "CMakeLists.txt:9 (project)"
    message: |
      Parsed C implicit link information:
        link line regex: [^( *|.*[/\\])(ld[0-9]*(\\.[a-z]+)?|link\\.exe|lld-link(\\.exe)?|CMAKE_LINK_STARTFILE-NOTFOUND|([^/\\]+-)?ld|collect2)[^/\\]*( |$)]
        linker tool regex: [^[ 	]*(->|")?[ 	]*(([^"]*[/\\])?(ld[0-9]*(\\.[a-z]+)?|link\\.exe|lld-link(\\.exe)?))("|,| |$)]
        linker tool for 'C': C:/PROGRA~1/MIB055~1/18/COMMUN~1/VC/Tools/MSVC/1450~1.357/bin/Hostx64/x64/link.exe
        implicit libs: []
        implicit objs: []
        implicit dirs: []
        implicit fwks: []
      
      
  -
    kind: "message-v1"
    backtrace:
      - "C:/Users/marce/AppData/Local/vcpkg/downloads/tools/cmake-3.31.10-windows/cmake-3.31.10-windows-x86_64/share/cmake-3.31/Modules/Internal/CMakeDetermineLinkerId.cmake:40 (message)"
      - "C:/Users/marce/AppData/Local/vcpkg/downloads/tools/cmake-3.31.10-windows/cmake-3.31.10-windows-x86_64/share/cmake-3.31/Modules/CMakeDetermineCompilerABI.cmake:255 (cmake_determine_linker_id)"
      - "C:/Users/marce/AppData/Local/vcpkg/downloads/tools/cmake-3.31.10-windows/cmake-3.31.10-windows-x86_64/share/cmake-3.31/Modules/CMakeTestCCompiler.cmake:26 (CMAKE_DETERMINE_COMPILER_ABI)"
      - "CMakeLists.txt:9 (project)"
    message: |
      Running the C compiler's linker: "C:/PROGRA~1/MIB055~1/18/COMMUN~1/VC/Tools/MSVC/1450~1.357/bin/Hostx64/x64/link.exe" "-v"
      Microsoft (R) Incremental Linker Version 14.50.35728.0
      Copyright (C) Microsoft Corporation.  All rights reserved.
  -
    kind: "try_compile-v1"
    backtrace:
      - "C:/Users/marce/AppData/Local/vcpkg/downloads/tools/cmake-3.31.10-windows/cmake-3.31.10-windows-x86_64/share/cmake-3.31/Modules/CheckSymbolExists.cmake:163 (try_compile)"
      - "C:/Users/marce/AppData/Local/vcpkg/downloads/tools/cmake-3.31.10-windows/cmake-3.31.10-windows-x86_64/share/cmake-3.31/Modules/CheckSymbolExists.cmake:68 (__CHECK_SYMBOL_EXISTS_IMPL)"
      - "CMakeLists.txt:84 (check_symbol_exists)"
    checks:
      - "Looking for __GLIBC__"
    directories:
      source: "C:/Users/marce/source/repos/PortalDungeon/vcpkg_installed/x64-windows/vcpkg/blds/sdl2/x64-windows-rel/CMakeFiles/CMakeScratch/TryCompile-gy19pl"
      binary: "C:/Users/marce/source/repos/PortalDungeon/vcpkg_installed/x64-windows/vcpkg/blds/sdl2/x64-windows-rel/CMakeFiles/CMakeScratch/TryCompile-gy19pl"
    cmakeVariables:
      CMAKE_C_FLAGS: " /nologo /DWIN32 /D_WINDOWS /utf-8 /MP "
      CMAKE_C_FLAGS_DEBUG: "/MDd /Z7 /Ob0 /Od /RTC1 "
      CMAKE_EXE_LINKER_FLAGS: "/machine:x64"
      CMAKE_MODULE_PATH: "C:/Users/marce/source/repos/PortalDungeon/vcpkg_installed/x64-windows/vcpkg/blds/sdl2/src/ase-2.32.8-cdefe94ced.clean/cmake"
      CMAKE_MSVC_DEBUG_INFORMATION_FORMAT: ""
      CMAKE_MSVC_RUNTIME_LIBRARY: "MultiThreaded$<$<CONFIG:Debug>:Debug>$<$<STREQUAL:dynamic,dynamic>:DLL>"
      VCPKG_CHAINLOAD_TOOLCHAIN_FILE: "C:/Program Files/Microsoft Visual Studio/18/Community/VC/vcpkg/scripts/toolchains/windows.cmake"
      VCPKG_CRT_LINKAGE: "dynamic"
      VCPKG_CXX_FLAGS: ""
      VCPKG_CXX_FLAGS_DEBUG: ""
      VCPKG_CXX_FLAGS_RELEASE: ""
      VCPKG_C_FLAGS: ""
      VCPKG_C_FLAGS_DEBUG: ""
      VCPKG_C_FLAGS_RELEASE: ""
      VCPKG_INSTALLED_DIR: "C:/Users/marce/source/repos/PortalDungeon/vcpkg_installed/x64-windows"
      VCPKG_LINKER_FLAGS: ""
      VCPKG_LINKER_FLAGS_DEBUG: ""
      VCPKG_LINKER_FLAGS_RELEASE: ""
      VCPKG_PLATFORM_TOOLSET: "v145"
      VCPKG_PREFER_SYSTEM_LIBS: "OFF"
      VCPKG_SET_CHARSET_FLAG: "ON"
      VCPKG_TARGET_ARCHITECTURE: "x64"
      VCPKG_TARGET_TRIPLET: "x64-windows"
      Z_VCPKG_ROOT_DIR: "C:/Program Files/Microsoft Visual Studio/18/Community/VC/vcpkg"
    buildResult:
      variable: "LIBC_IS_GLIBC"
      cached: true
      stdout: |
        Change Dir: 'C:/Users/marce/source/repos/PortalDungeon/vcpkg_installed/x64-windows/vcpkg/blds/sdl2/x64-windows-rel/CMakeFiles/CMakeScratch/TryCompile-gy19pl'
        
        Run Build Command(s): C:/Users/marce/AppData/Local/vcpkg/downloads/tools/ninja/1.13.1-windows/ninja.exe -v cmTC_add11
        [1/2] C:\\PROGRA~1\\MIB055~1\\18\\COMMUN~1\\VC\\Tools\\MSVC\\1450~1.357\\bin\\Hostx64\\x64\\cl.exe  /nologo   /nologo /DWIN32 /D_WINDOWS /utf-8 /MP   /MDd /Z7 /Ob0 /Od /RTC1  -MDd /showIncludes /FoCMakeFiles\\cmTC_add11.dir\\CheckSymbolExists.c.obj /FdCMakeFiles\\cmTC_add11.dir\\ /FS -c C:\\Users\\marce\\source\\repos\\PortalDungeon\\vcpkg_installed\\x64-windows\\vcpkg\\blds\\sdl2\\x64-windows-rel\\CMakeFiles\\CMakeScratch\\TryCompile-gy19pl\\CheckSymbolExists.c
        FAILED: [code=2] CMakeFiles/cmTC_add11.dir/CheckSymbolExists.c.obj 
        C:\\PROGRA~1\\MIB055~1\\18\\COMMUN~1\\VC\\Tools\\MSVC\\1450~1.357\\bin\\Hostx64\\x64\\cl.exe  /nologo   /nologo /DWIN32 /D_WINDOWS /utf-8 /MP   /MDd /Z7 /Ob0 /Od /RTC1  -MDd /showIncludes /FoCMakeFiles\\cmTC_add11.dir\\CheckSymbolExists.c.obj /FdCMakeFiles\\cmTC_add11.dir\\ /FS -c C:\\Users\\marce\\source\\repos\\PortalDungeon\\vcpkg_installed\\x64-windows\\vcpkg\\blds\\sdl2\\x64-windows-rel\\CMakeFiles\\CMakeScratch\\TryCompile-gy19pl\\CheckSymbolExists.c
        C:\\Users\\marce\\source\\repos\\PortalDungeon\\vcpkg_installed\\x64-windows\\vcpkg\\blds\\sdl2\\x64-windows-rel\\CMakeFiles\\CMakeScratch\\TryCompile-gy19pl\\CheckSymbolExists.c(8): error C2065: '__GLIBC__': undeclared identifier
        ninja: build stopped: subcommand failed.
        
      exitCode: 2
  -
    kind: "try_compile-v1"
    backtrace:
      - "C:/Users/marce/AppData/Local/vcpkg/downloads/tools/cmake-3.31.10-windows/cmake-3.31.10-windows-x86_64/share/cmake-3.31/Modules/Internal/CheckSourceCompiles.cmake:108 (try_compile)"
      - "C:/Users/marce/AppData/Local/vcpkg/downloads/tools/cmake-3.31.10-windows/cmake-3.31.10-windows-x86_64/share/cmake-3.31/Modules/CheckCSourceCompiles.cmake:58 (cmake_check_source_compiles)"
      - "cmake/CheckCPUArchitecture.cmake:17 (check_c_source_compiles)"
      - "cmake/CheckCPUArchitecture.cmake:28 (_internal_check_cpu_architecture)"
      - "CMakeLists.txt:141 (check_cpu_architecture)"
    checks:
      - "Performing Test CHECK_CPU_ARCHITECTURE_X86"
    directories:
      source: "C:/Users/marce/source/repos/PortalDungeon/vcpkg_installed/x64-windows/vcpkg/blds/sdl2/x64-windows-rel/CMakeFiles/CMakeScratch/TryCompile-gk6x67"
      binary: "C:/Users/marce/source/repos/PortalDungeon/vcpkg_installed/x64-windows/vcpkg/blds/sdl2/x64-windows-rel/CMakeFiles/CMakeScratch/TryCompile-gk6x67"
    cmakeVariables:
      CMAKE_C_FLAGS: " /nologo /DWIN32 /D_WINDOWS /utf-8 /MP "
      CMAKE_C_FLAGS_DEBUG: "/MDd /Z7 /Ob0 /Od /RTC1 "
      CMAKE_EXE_LINKER_FLAGS: "/machine:x64"
      CMAKE_MODULE_PATH: "C:/Users/marce/source/repos/PortalDungeon/vcpkg_installed/x64-windows/vcpkg/blds/sdl2/src/ase-2.32.8-cdefe94ced.clean/cmake"
      CMAKE_MSVC_DEBUG_INFORMATION_FORMAT: ""
      CMAKE_MSVC_RUNTIME_LIBRARY: "MultiThreaded$<$<CONFIG:Debug>:Debug>$<$<STREQUAL:dynamic,dynamic>:DLL>"
      VCPKG_CHAINLOAD_TOOLCHAIN_FILE: "C:/Program Files/Microsoft Visual Studio/18/Community/VC/vcpkg/scripts/toolchains/windows.cmake"
      VCPKG_CRT_LINKAGE: "dynamic"
      VCPKG_CXX_FLAGS: ""
      VCPKG_CXX_FLAGS_DEBUG: ""
      VCPKG_CXX_FLAGS_RELEASE: ""
      VCPKG_C_FLAGS: ""
      VCPKG_C_FLAGS_DEBUG: ""
      VCPKG_C_FLAGS_RELEASE: ""
      VCPKG_INSTALLED_DIR: "C:/Users/marce/source/repos/PortalDungeon/vcpkg_installed/x64-windows"
      VCPKG_LINKER_FLAGS: ""
      VCPKG_LINKER_FLAGS_DEBUG: ""
      VCPKG_LINKER_FLAGS_RELEASE: ""
      VCPKG_PLATFORM_TOOLSET: "v145"
      VCPKG_PREFER_SYSTEM_LIBS: "OFF"
      VCPKG_SET_CHARSET_FLAG: "ON"
      VCPKG_TARGET_ARCHITECTURE: "x64"
      VCPKG_TARGET_TRIPLET: "x64-windows"
      Z_VCPKG_ROOT_DIR: "C:/Program Files/Microsoft Visual Studio/18/Community/VC/vcpkg"
    buildResult:
      variable: "CHECK_CPU_ARCHITECTURE_X86"
      cached: true
      stdout: |
        Change Dir: 'C:/Users/marce/source/repos/PortalDungeon/vcpkg_installed/x64-windows/vcpkg/blds/sdl2/x64-windows-rel/CMakeFiles/CMakeScratch/TryCompile-gk6x67'
        
        Run Build Command(s): C:/Users/marce/AppData/Local/vcpkg/downloads/tools/ninja/1.13.1-windows/ninja.exe -v cmTC_60486
        [1/2] C:\\PROGRA~1\\MIB055~1\\18\\COMMUN~1\\VC\\Tools\\MSVC\\1450~1.357\\bin\\Hostx64\\x64\\cl.exe  /nologo -DCHECK_CPU_ARCHITECTURE_X86  /nologo /DWIN32 /D_WINDOWS /utf-8 /MP   /MDd /Z7 /Ob0 /Od /RTC1  -MDd /showIncludes /FoCMakeFiles\\cmTC_60486.dir\\src.c.obj /FdCMakeFiles\\cmTC_60486.dir\\ /FS -c C:\\Users\\marce\\source\\repos\\PortalDungeon\\vcpkg_installed\\x64-windows\\vcpkg\\blds\\sdl2\\x64-windows-rel\\CMakeFiles\\CMakeScratch\\TryCompile-gk6x67\\src.c
        FAILED: [code=2] CMakeFiles/cmTC_60486.dir/src.c.obj 
        C:\\PROGRA~1\\MIB055~1\\18\\COMMUN~1\\VC\\Tools\\MSVC\\1450~1.357\\bin\\Hostx64\\x64\\cl.exe  /nologo -DCHECK_CPU_ARCHITECTURE_X86  /nologo /DWIN32 /D_WINDOWS /utf-8 /MP   /MDd /Z7 /Ob0 /Od /RTC1  -MDd /showIncludes /FoCMakeFiles\\cmTC_60486.dir\\src.c.obj /FdCMakeFiles\\cmTC_60486.dir\\ /FS -c C:\\Users\\marce\\source\\repos\\PortalDungeon\\vcpkg_installed\\x64-windows\\vcpkg\\blds\\sdl2\\x64-windows-rel\\CMakeFiles\\CMakeScratch\\TryCompile-gk6x67\\src.c
        C:\\Users\\marce\\source\\repos\\PortalDungeon\\vcpkg_installed\\x64-windows\\vcpkg\\blds\\sdl2\\x64-windows-rel\\CMakeFiles\\CMakeScratch\\TryCompile-gk6x67\\src.c(6): error C2065: 'choke': undeclared identifier
        C:\\Users\\marce\\source\\repos\\PortalDungeon\\vcpkg_installed\\x64-windows\\vcpkg\\blds\\sdl2\\x64-windows-rel\\CMakeFiles\\CMakeScratch\\TryCompile-gk6x67\\src.c(8): error C2143: syntax error: missing ';' before '}'
        ninja: build stopped: subcommand failed.
        
      exitCode: 2
  -
    kind: "try_compile-v1"
    backtrace:
      - "C:/Users/marce/AppData/Local/vcpkg/downloads/tools/cmake-3.31.10-windows/cmake-3.31.10-windows-x86_64/share/cmake-3.31/Modules/Internal/CheckSourceCompiles.cmake:108 (try_compile)"
      - "C:/Users/marce/AppData/Local/vcpkg/downloads/tools/cmake-3.31.10-windows/cmake-3.31.10-windows-x86_64/share/cmake-3.31/Modules/CheckCSourceCompiles.cmake:58 (cmake_check_source_compiles)"
      - "cmake/CheckCPUArchitecture.cmake:17 (check_c_source_compiles)"
      - "cmake/CheckCPUArchitecture.cmake:30 (_internal_check_cpu_architecture)"
      - "CMakeLists.txt:142 (check_cpu_architecture)"
    checks:
      - "Performing Test CHECK_CPU_ARCHITECTURE_X64"
    directories:
      source: "C:/Users/marce/source/repos/PortalDungeon/vcpkg_installed/x64-windows/vcpkg/blds/sdl2/x64-windows-rel/CMakeFiles/CMakeScratch/TryCompile-xxl9br"
      binary: "C:/Users/marce/source/repos/PortalDungeon/vcpkg_installed/x64-windows/vcpkg/blds/sdl2/x64-windows-rel/CMakeFiles/CMakeScratch/TryCompile-xxl9br"
    cmakeVariables:
      CMAKE_C_FLAGS: " /nologo /DWIN32 /D_WINDOWS /utf-8 /MP "
      CMAKE_C_FLAGS_DEBUG: "/MDd /Z7 /Ob0 /Od /RTC1 "
      CMAKE_EXE_LINKER_FLAGS: "/machine:x64"
      CMAKE_MODULE_PATH: "C:/Users/marce/source/repos/PortalDungeon/vcpkg_installed/x64-windows/vcpkg/blds/sdl2/src/ase-2.32.8-cdefe94ced.clean/cmake"
      CMAKE_MSVC_DEBUG_INFORMATION_FORMAT: ""
      CMAKE_MSVC_RUNTIME_LIBRARY: "MultiThreaded$<$<CONFIG:Debug>:Debug>$<$<STREQUAL:dynamic,dynamic>:DLL>"
      VCPKG_CHAINLOAD_TOOLCHAIN_FILE: "C:/Program Files/Microsoft Visual Studio/18/Community/VC/vcpkg/scripts/toolchains/windows.cmake"
      VCPKG_CRT_LINKAGE: "dynamic"
      VCPKG_CXX_FLAGS: ""
      VCPKG_CXX_FLAGS_DEBUG: ""
      VCPKG_CXX_FLAGS_RELEASE: ""
      VCPKG_C_FLAGS: ""
      VCPKG_C_FLAGS_DEBUG: ""
      VCPKG_C_FLAGS_RELEASE: ""
      VCPKG_INSTALLED_DIR: "C:/Users/marce/source/repos/PortalDungeon/vcpkg_installed/x64-windows"
      VCPKG_LINKER_FLAGS: ""
      VCPKG_LINKER_FLAGS_DEBUG: ""
      VCPKG_LINKER_FLAGS_RELEASE: ""
      VCPKG_PLATFORM_TOOLSET: "v145"
      VCPKG_PREFER_SYSTEM_LIBS: "OFF"
      VCPKG_SET_CHARSET_FLAG: "ON"
      VCPKG_TARGET_ARCHITECTURE: "x64"
      VCPKG_TARGET_TRIPLET: "x64-windows"
      Z_VCPKG_ROOT_DIR: "C:/Program Files/Microsoft Visual Studio/18/Community/VC/vcpkg"
    buildResult:
      variable: "CHECK_CPU_ARCHITECTURE_X64"
      cached: true
      stdout: |
        Change Dir: 'C:/Users/marce/source/repos/PortalDungeon/vcpkg_installed/x64-windows/vcpkg/blds/sdl2/x64-windows-rel/CMakeFiles/CMakeScratch/TryCompile-xxl9br'
        
        Run Build Command(s): C:/Users/marce/AppData/Local/vcpkg/downloads/tools/ninja/1.13.1-windows/ninja.exe -v cmTC_6e2a6
        [1/2] C:\\PROGRA~1\\MIB055~1\\18\\COMMUN~1\\VC\\Tools\\MSVC\\1450~1.357\\bin\\Hostx64\\x64\\cl.exe  /nologo -DCHECK_CPU_ARCHITECTURE_X64  /nologo /DWIN32 /D_WINDOWS /utf-8 /MP   /MDd /Z7 /Ob0 /Od /RTC1  -MDd /showIncludes /FoCMakeFiles\\cmTC_6e2a6.dir\\src.c.obj /FdCMakeFiles\\cmTC_6e2a6.dir\\ /FS -c C:\\Users\\marce\\source\\repos\\PortalDungeon\\vcpkg_installed\\x64-windows\\vcpkg\\blds\\sdl2\\x64-windows-rel\\CMakeFiles\\CMakeScratch\\TryCompile-xxl9br\\src.c
        [2/2] C:\\WINDOWS\\system32\\cmd.exe /C "cd . && C:\\Users\\marce\\AppData\\Local\\vcpkg\\downloads\\tools\\cmake-3.31.10-windows\\cmake-3.31.10-windows-x86_64\\bin\\cmake.exe -E vs_link_exe --msvc-ver=1950 --intdir=CMakeFiles\\cmTC_6e2a6.dir --rc=C:\\PROGRA~2\\WI3CF2~1\\10\\bin\\100261~1.0\\x64\\rc.exe --mt=C:\\PROGRA~2\\WI3CF2~1\\10\\bin\\100261~1.0\\x64\\mt.exe --manifests  -- C:\\PROGRA~1\\MIB055~1\\18\\COMMUN~1\\VC\\Tools\\MSVC\\1450~1.357\\bin\\Hostx64\\x64\\link.exe /nologo CMakeFiles\\cmTC_6e2a6.dir\\src.c.obj  /out:cmTC_6e2a6.exe /implib:cmTC_6e2a6.lib /pdb:cmTC_6e2a6.pdb /version:0.0 /machine:x64  /nologo    /debug /INCREMENTAL /subsystem:console  kernel32.lib user32.lib gdi32.lib winspool.lib shell32.lib ole32.lib oleaut32.lib uuid.lib comdlg32.lib advapi32.lib && cd ."
        
      exitCode: 0
  -
    kind: "try_compile-v1"
    backtrace:
      - "C:/Users/marce/AppData/Local/vcpkg/downloads/tools/cmake-3.31.10-windows/cmake-3.31.10-windows-x86_64/share/cmake-3.31/Modules/Internal/CheckSourceCompiles.cmake:108 (try_compile)"
      - "C:/Users/marce/AppData/Local/vcpkg/downloads/tools/cmake-3.31.10-windows/cmake-3.31.10-windows-x86_64/share/cmake-3.31/Modules/CheckCSourceCompiles.cmake:58 (cmake_check_source_compiles)"
      - "cmake/CheckCPUArchitecture.cmake:17 (check_c_source_compiles)"
      - "cmake/CheckCPUArchitecture.cmake:32 (_internal_check_cpu_architecture)"
      - "CMakeLists.txt:143 (check_cpu_architecture)"
    checks:
      - "Performing Test CHECK_CPU_ARCHITECTURE_ARM32"
    directories:
      source: "C:/Users/marce/source/repos/PortalDungeon/vcpkg_installed/x64-windows/vcpkg/blds/sdl2/x64-windows-rel/CMakeFiles/CMakeScratch/TryCompile-cujmti"
      binary: "C:/Users/marce/source/repos/PortalDungeon/vcpkg_installed/x64-windows/vcpkg/blds/sdl2/x64-windows-rel/CMakeFiles/CMakeScratch/TryCompile-cujmti"
    cmakeVariables:
      CMAKE_C_FLAGS: " /nologo /DWIN32 /D_WINDOWS /utf-8 /MP "
      CMAKE_C_FLAGS_DEBUG: "/MDd /Z7 /Ob0 /Od /RTC1 "
      CMAKE_EXE_LINKER_FLAGS: "/machine:x64"
      CMAKE_MODULE_PATH: "C:/Users/marce/source/repos/PortalDungeon/vcpkg_installed/x64-windows/vcpkg/blds/sdl2/src/ase-2.32.8-cdefe94ced.clean/cmake"
      CMAKE_MSVC_DEBUG_INFORMATION_FORMAT: ""
      CMAKE_MSVC_RUNTIME_LIBRARY: "MultiThreaded$<$<CONFIG:Debug>:Debug>$<$<STREQUAL:dynamic,dynamic>:DLL>"
      VCPKG_CHAINLOAD_TOOLCHAIN_FILE: "C:/Program Files/Microsoft Visual Studio/18/Community/VC/vcpkg/scripts/toolchains/windows.cmake"
      VCPKG_CRT_LINKAGE: "dynamic"
      VCPKG_CXX_FLAGS: ""
      VCPKG_CXX_FLAGS_DEBUG: ""
      VCPKG_CXX_FLAGS_RELEASE: ""
      VCPKG_C_FLAGS: ""
      VCPKG_C_FLAGS_DEBUG: ""
      VCPKG_C_FLAGS_RELEASE: ""
      VCPKG_INSTALLED_DIR: "C:/Users/marce/source/repos/PortalDungeon/vcpkg_installed/x64-windows"
      VCPKG_LINKER_FLAGS: ""
      VCPKG_LINKER_FLAGS_DEBUG: ""
      VCPKG_LINKER_FLAGS_RELEASE: ""
      VCPKG_PLATFORM_TOOLSET: "v145"
      VCPKG_PREFER_SYSTEM_LIBS: "OFF"
      VCPKG_SET_CHARSET_FLAG: "ON"
      VCPKG_TARGET_ARCHITECTURE: "x64"
      VCPKG_TARGET_TRIPLET: "x64-windows"
      Z_VCPKG_ROOT_DIR: "C:/Program Files/Microsoft Visual Studio/18/Community/VC/vcpkg"
    buildResult:
      variable: "CHECK_CPU_ARCHITECTURE_ARM32"
      cached: true
      stdout: |
        Change Dir: 'C:/Users/marce/source/repos/PortalDungeon/vcpkg_installed/x64-windows/vcpkg/blds/sdl2/x64-windows-rel/CMakeFiles/CMakeScratch/TryCompile-cujmti'
        
        Run Build Command(s): C:/Users/marce/AppData/Local/vcpkg/downloads/tools/ninja/1.13.1-windows/ninja.exe -v cmTC_d7858
        [1/2] C:\\PROGRA~1\\MIB055~1\\18\\COMMUN~1\\VC\\Tools\\MSVC\\1450~1.357\\bin\\Hostx64\\x64\\cl.exe  /nologo -DCHECK_CPU_ARCHITECTURE_ARM32  /nologo /DWIN32 /D_WINDOWS /utf-8 /MP   /MDd /Z7 /Ob0 /Od /RTC1  -MDd /showIncludes /FoCMakeFiles\\cmTC_d7858.dir\\src.c.obj /FdCMakeFiles\\cmTC_d7858.dir\\ /FS -c C:\\Users\\marce\\source\\repos\\PortalDungeon\\vcpkg_installed\\x64-windows\\vcpkg\\blds\\sdl2\\x64-windows-rel\\CMakeFiles\\CMakeScratch\\TryCompile-cujmti\\src.c
        FAILED: [code=2] CMakeFiles/cmTC_d7858.dir/src.c.obj 
        C:\\PROGRA~1\\MIB055~1\\18\\COMMUN~1\\VC\\Tools\\MSVC\\1450~1.357\\bin\\Hostx64\\x64\\cl.exe  /nologo -DCHECK_CPU_ARCHITECTURE_ARM32  /nologo /DWIN32 /D_WINDOWS /utf-8 /MP   /MDd /Z7 /Ob0 /Od /RTC1  -MDd /showIncludes /FoCMakeFiles\\cmTC_d7858.dir\\src.c.obj /FdCMakeFiles\\cmTC_d7858.dir\\ /FS -c C:\\Users\\marce\\source\\repos\\PortalDungeon\\vcpkg_installed\\x64-windows\\vcpkg\\blds\\sdl2\\x64-windows-rel\\CMakeFiles\\CMakeScratch\\TryCompile-cujmti\\src.c
        C:\\Users\\marce\\source\\repos\\PortalDungeon\\vcpkg_installed\\x64-windows\\vcpkg\\blds\\sdl2\\x64-windows-rel\\CMakeFiles\\CMakeScratch\\TryCompile-cujmti\\src.c(6): error C2065: 'choke': undeclared identifier
        C:\\Users\\marce\\source\\repos\\PortalDungeon\\vcpkg_installed\\x64-windows\\vcpkg\\blds\\sdl2\\x64-windows-rel\\CMakeFiles\\CMakeScratch\\TryCompile-cujmti\\src.c(8): error C2143: syntax error: missing ';' before '}'
        ninja: build stopped: subcommand failed.
        
      exitCode: 2
  -
    kind: "try_compile-v1"
    backtrace:
      - "C:/Users/marce/AppData/Local/vcpkg/downloads/tools/cmake-3.31.10-windows/cmake-3.31.10-windows-x86_64/share/cmake-3.31/Modules/Internal/CheckSourceCompiles.cmake:108 (try_compile)"
      - "C:/Users/marce/AppData/Local/vcpkg/downloads/tools/cmake-3.31.10-windows/cmake-3.31.10-windows-x86_64/share/cmake-3.31/Modules/CheckCSourceCompiles.cmake:58 (cmake_check_source_compiles)"
      - "cmake/CheckCPUArchitecture.cmake:17 (check_c_source_compiles)"
      - "cmake/CheckCPUArchitecture.cmake:34 (_internal_check_cpu_architecture)"
      - "CMakeLists.txt:144 (check_cpu_architecture)"
    checks:
      - "Performing Test CHECK_CPU_ARCHITECTURE_ARM64"
    directories:
      source: "C:/Users/marce/source/repos/PortalDungeon/vcpkg_installed/x64-windows/vcpkg/blds/sdl2/x64-windows-rel/CMakeFiles/CMakeScratch/TryCompile-fk1v0f"
      binary: "C:/Users/marce/source/repos/PortalDungeon/vcpkg_installed/x64-windows/vcpkg/blds/sdl2/x64-windows-rel/CMakeFiles/CMakeScratch/TryCompile-fk1v0f"
    cmakeVariables:
      CMAKE_C_FLAGS: " /nologo /DWIN32 /D_WINDOWS /utf-8 /MP "
      CMAKE_C_FLAGS_DEBUG: "/MDd /Z7 /Ob0 /Od /RTC1 "
      CMAKE_EXE_LINKER_FLAGS: "/machine:x64"
      CMAKE_MODULE_PATH: "C:/Users/marce/source/repos/PortalDungeon/vcpkg_installed/x64-windows/vcpkg/blds/sdl2/src/ase-2.32.8-cdefe94ced.clean/cmake"
      CMAKE_MSVC_DEBUG_INFORMATION_FORMAT: ""
      CMAKE_MSVC_RUNTIME_LIBRARY: "MultiThreaded$<$<CONFIG:Debug>:Debug>$<$<STREQUAL:dynamic,dynamic>:DLL>"
      VCPKG_CHAINLOAD_TOOLCHAIN_FILE: "C:/Program Files/Microsoft Visual Studio/18/Community/VC/vcpkg/scripts/toolchains/windows.cmake"
      VCPKG_CRT_LINKAGE: "dynamic"
      VCPKG_CXX_FLAGS: ""
      VCPKG_CXX_FLAGS_DEBUG: ""
      VCPKG_CXX_FLAGS_RELEASE: ""
      VCPKG_C_FLAGS: ""
      VCPKG_C_FLAGS_DEBUG: ""
      VCPKG_C_FLAGS_RELEASE: ""
      VCPKG_INSTALLED_DIR: "C:/Users/marce/source/repos/PortalDungeon/vcpkg_installed/x64-windows"
      VCPKG_LINKER_FLAGS: ""
      VCPKG_LINKER_FLAGS_DEBUG: ""
      VCPKG_LINKER_FLAGS_RELEASE: ""
      VCPKG_PLATFORM_TOOLSET: "v145"
      VCPKG_PREFER_SYSTEM_LIBS: "OFF"
      VCPKG_SET_CHARSET_FLAG: "ON"
      VCPKG_TARGET_ARCHITECTURE: "x64"
      VCPKG_TARGET_TRIPLET: "x64-windows"
      Z_VCPKG_ROOT_DIR: "C:/Program Files/Microsoft Visual Studio/18/Community/VC/vcpkg"
    buildResult:
      variable: "CHECK_CPU_ARCHITECTURE_ARM64"
      cached: true
      stdout: |
        Change Dir: 'C:/Users/marce/source/repos/PortalDungeon/vcpkg_installed/x64-windows/vcpkg/blds/sdl2/x64-windows-rel/CMakeFiles/CMakeScratch/TryCompile-fk1v0f'
        
        Run Build Command(s): C:/Users/marce/AppData/Local/vcpkg/downloads/tools/ninja/1.13.1-windows/ninja.exe -v cmTC_1e6e6
        [1/2] C:\\PROGRA~1\\MIB055~1\\18\\COMMUN~1\\VC\\Tools\\MSVC\\1450~1.357\\bin\\Hostx64\\x64\\cl.exe  /nologo -DCHECK_CPU_ARCHITECTURE_ARM64  /nologo /DWIN32 /D_WINDOWS /utf-8 /MP   /MDd /Z7 /Ob0 /Od /RTC1  -MDd /showIncludes /FoCMakeFiles\\cmTC_1e6e6.dir\\src.c.obj /FdCMakeFiles\\cmTC_1e6e6.dir\\ /FS -c C:\\Users\\marce\\source\\repos\\PortalDungeon\\vcpkg_installed\\x64-windows\\vcpkg\\blds\\sdl2\\x64-windows-rel\\CMakeFiles\\CMakeScratch\\TryCompile-fk1v0f\\src.c
        FAILED: [code=2] CMakeFiles/cmTC_1e6e6.dir/src.c.obj 
        C:\\PROGRA~1\\MIB055~1\\18\\COMMUN~1\\VC\\Tools\\MSVC\\1450~1.357\\bin\\Hostx64\\x64\\cl.exe  /nologo -DCHECK_CPU_ARCHITECTURE_ARM64  /nologo /DWIN32 /D_WINDOWS /utf-8 /MP   /MDd /Z7 /Ob0 /Od /RTC1  -MDd /showIncludes /FoCMakeFiles\\cmTC_1e6e6.dir\\src.c.obj /FdCMakeFiles\\cmTC_1e6e6.dir\\ /FS -c C:\\Users\\marce\\source\\repos\\PortalDungeon\\vcpkg_installed\\x64-windows\\vcpkg\\blds\\sdl2\\x64-windows-rel\\CMakeFiles\\CMakeScratch\\TryCompile-fk1v0f\\src.c
        C:\\Users\\marce\\source\\repos\\PortalDungeon\\vcpkg_installed\\x64-windows\\vcpkg\\blds\\sdl2\\x64-windows-rel\\CMakeFiles\\CMakeScratch\\TryCompile-fk1v0f\\src.c(6): error C2065: 'choke': undeclared identifier
        C:\\Users\\marce\\source\\repos\\PortalDungeon\\vcpkg_installed\\x64-windows\\vcpkg\\blds\\sdl2\\x64-windows-rel\\CMakeFiles\\CMakeScratch\\TryCompile-fk1v0f\\src.c(8): error C2143: syntax error: missing ';' before '}'
        ninja: build stopped: subcommand failed.
        
      exitCode: 2
  -
    kind: "try_compile-v1"
    backtrace:
      - "C:/Users/marce/AppData/Local/vcpkg/downloads/tools/cmake-3.31.10-windows/cmake-3.31.10-windows-x86_64/share/cmake-3.31/Modules/Internal/CheckSourceCompiles.cmake:108 (try_compile)"
      - "C:/Users/marce/AppData/Local/vcpkg/downloads/tools/cmake-3.31.10-windows/cmake-3.31.10-windows-x86_64/share/cmake-3.31/Modules/CheckCSourceCompiles.cmake:58 (cmake_check_source_compiles)"
      - "cmake/CheckCPUArchitecture.cmake:17 (check_c_source_compiles)"
      - "cmake/CheckCPUArchitecture.cmake:36 (_internal_check_cpu_architecture)"
      - "CMakeLists.txt:145 (check_cpu_architecture)"
    checks:
      - "Performing Test CHECK_CPU_ARCHITECTURE_ARM64EC"
    directories:
      source: "C:/Users/marce/source/repos/PortalDungeon/vcpkg_installed/x64-windows/vcpkg/blds/sdl2/x64-windows-rel/CMakeFiles/CMakeScratch/TryCompile-36t2ch"
      binary: "C:/Users/marce/source/repos/PortalDungeon/vcpkg_installed/x64-windows/vcpkg/blds/sdl2/x64-windows-rel/CMakeFiles/CMakeScratch/TryCompile-36t2ch"
    cmakeVariables:
      CMAKE_C_FLAGS: " /nologo /DWIN32 /D_WINDOWS /utf-8 /MP "
      CMAKE_C_FLAGS_DEBUG: "/MDd /Z7 /Ob0 /Od /RTC1 "
      CMAKE_EXE_LINKER_FLAGS: "/machine:x64"
      CMAKE_MODULE_PATH: "C:/Users/marce/source/repos/PortalDungeon/vcpkg_installed/x64-windows/vcpkg/blds/sdl2/src/ase-2.32.8-cdefe94ced.clean/cmake"
      CMAKE_MSVC_DEBUG_INFORMATION_FORMAT: ""
      CMAKE_MSVC_RUNTIME_LIBRARY: "MultiThreaded$<$<CONFIG:Debug>:Debug>$<$<STREQUAL:dynamic,dynamic>:DLL>"
      VCPKG_CHAINLOAD_TOOLCHAIN_FILE: "C:/Program Files/Microsoft Visual Studio/18/Community/VC/vcpkg/scripts/toolchains/windows.cmake"
      VCPKG_CRT_LINKAGE: "dynamic"
      VCPKG_CXX_FLAGS: ""
      VCPKG_CXX_FLAGS_DEBUG: ""
      VCPKG_CXX_FLAGS_RELEASE: ""
      VCPKG_C_FLAGS: ""
      VCPKG_C_FLAGS_DEBUG: ""
      VCPKG_C_FLAGS_RELEASE: ""
      VCPKG_INSTALLED_DIR: "C:/Users/marce/source/repos/PortalDungeon/vcpkg_installed/x64-windows"
      VCPKG_LINKER_FLAGS: ""
      VCPKG_LINKER_FLAGS_DEBUG: ""
      VCPKG_LINKER_FLAGS_RELEASE: ""
      VCPKG_PLATFORM_TOOLSET: "v145"
      VCPKG_PREFER_SYSTEM_LIBS: "OFF"
      VCPKG_SET_CHARSET_FLAG: "ON"
      VCPKG_TARGET_ARCHITECTURE: "x64"
      VCPKG_TARGET_TRIPLET: "x64-windows"
      Z_VCPKG_ROOT_DIR: "C:/Program Files/Microsoft Visual Studio/18/Community/VC/vcpkg"
    buildResult:
      variable: "CHECK_CPU_ARCHITECTURE_ARM64EC"
      cached: true
      stdout: |
        Change Dir: 'C:/Users/marce/source/repos/PortalDungeon/vcpkg_installed/x64-windows/vcpkg/blds/sdl2/x64-windows-rel/CMakeFiles/CMakeScratch/TryCompile-36t2ch'
        
        Run Build Command(s): C:/Users/marce/AppData/Local/vcpkg/downloads/tools/ninja/1.13.1-windows/ninja.exe -v cmTC_1171d
        [1/2] C:\\PROGRA~1\\MIB055~1\\18\\COMMUN~1\\VC\\Tools\\MSVC\\1450~1.357\\bin\\Hostx64\\x64\\cl.exe  /nologo -DCHECK_CPU_ARCHITECTURE_ARM64EC  /nologo /DWIN32 /D_WINDOWS /utf-8 /MP   /MDd /Z7 /Ob0 /Od /RTC1  -MDd /showIncludes /FoCMakeFiles\\cmTC_1171d.dir\\src.c.obj /FdCMakeFiles\\cmTC_1171d.dir\\ /FS -c C:\\Users\\marce\\source\\repos\\PortalDungeon\\vcpkg_installed\\x64-windows\\vcpkg\\blds\\sdl2\\x64-windows-rel\\CMakeFiles\\CMakeScratch\\TryCompile-36t2ch\\src.c
        FAILED: [code=2] CMakeFiles/cmTC_1171d.dir/src.c.obj 
        C:\\PROGRA~1\\MIB055~1\\18\\COMMUN~1\\VC\\Tools\\MSVC\\1450~1.357\\bin\\Hostx64\\x64\\cl.exe  /nologo -DCHECK_CPU_ARCHITECTURE_ARM64EC  /nologo /DWIN32 /D_WINDOWS /utf-8 /MP   /MDd /Z7 /Ob0 /Od /RTC1  -MDd /showIncludes /FoCMakeFiles\\cmTC_1171d.dir\\src.c.obj /FdCMakeFiles\\cmTC_1171d.dir\\ /FS -c C:\\Users\\marce\\source\\repos\\PortalDungeon\\vcpkg_installed\\x64-windows\\vcpkg\\blds\\sdl2\\x64-windows-rel\\CMakeFiles\\CMakeScratch\\TryCompile-36t2ch\\src.c
        C:\\Users\\marce\\source\\repos\\PortalDungeon\\vcpkg_installed\\x64-windows\\vcpkg\\blds\\sdl2\\x64-windows-rel\\CMakeFiles\\CMakeScratch\\TryCompile-36t2ch\\src.c(6): error C2065: 'choke': undeclared identifier
        C:\\Users\\marce\\source\\repos\\PortalDungeon\\vcpkg_installed\\x64-windows\\vcpkg\\blds\\sdl2\\x64-windows-rel\\CMakeFiles\\CMakeScratch\\TryCompile-36t2ch\\src.c(8): error C2143: syntax error: missing ';' before '}'
        ninja: build stopped: subcommand failed.
        
      exitCode: 2
  -
    kind: "try_compile-v1"
    backtrace:
      - "C:/Users/marce/AppData/Local/vcpkg/downloads/tools/cmake-3.31.10-windows/cmake-3.31.10-windows-x86_64/share/cmake-3.31/Modules/Internal/CheckSourceCompiles.cmake:108 (try_compile)"
      - "C:/Users/marce/AppData/Local/vcpkg/downloads/tools/cmake-3.31.10-windows/cmake-3.31.10-windows-x86_64/share/cmake-3.31/Modules/CheckCSourceCompiles.cmake:58 (cmake_check_source_compiles)"
      - "cmake/CheckCPUArchitecture.cmake:17 (check_c_source_compiles)"
      - "cmake/CheckCPUArchitecture.cmake:38 (_internal_check_cpu_architecture)"
      - "CMakeLists.txt:146 (check_cpu_architecture)"
    checks:
      - "Performing Test CHECK_CPU_ARCHITECTURE_LOONGARCH64"
    directories:
      source: "C:/Users/marce/source/repos/PortalDungeon/vcpkg_installed/x64-windows/vcpkg/blds/sdl2/x64-windows-rel/CMakeFiles/CMakeScratch/TryCompile-l13ne6"
      binary: "C:/Users/marce/source/repos/PortalDungeon/vcpkg_installed/x64-windows/vcpkg/blds/sdl2/x64-windows-rel/CMakeFiles/CMakeScratch/TryCompile-l13ne6"
    cmakeVariables:
      CMAKE_C_FLAGS: " /nologo /DWIN32 /D_WINDOWS /utf-8 /MP "
      CMAKE_C_FLAGS_DEBUG: "/MDd /Z7 /Ob0 /Od /RTC1 "
      CMAKE_EXE_LINKER_FLAGS: "/machine:x64"
      CMAKE_MODULE_PATH: "C:/Users/marce/source/repos/PortalDungeon/vcpkg_installed/x64-windows/vcpkg/blds/sdl2/src/ase-2.32.8-cdefe94ced.clean/cmake"
      CMAKE_MSVC_DEBUG_INFORMATION_FORMAT: ""
      CMAKE_MSVC_RUNTIME_LIBRARY: "MultiThreaded$<$<CONFIG:Debug>:Debug>$<$<STREQUAL:dynamic,dynamic>:DLL>"
      VCPKG_CHAINLOAD_TOOLCHAIN_FILE: "C:/Program Files/Microsoft Visual Studio/18/Community/VC/vcpkg/scripts/toolchains/windows.cmake"
      VCPKG_CRT_LINKAGE: "dynamic"
      VCPKG_CXX_FLAGS: ""
      VCPKG_CXX_FLAGS_DEBUG: ""
      VCPKG_CXX_FLAGS_RELEASE: ""
      VCPKG_C_FLAGS: ""
      VCPKG_C_FLAGS_DEBUG: ""
      VCPKG_C_FLAGS_RELEASE: ""
      VCPKG_INSTALLED_DIR: "C:/Users/marce/source/repos/PortalDungeon/vcpkg_installed/x64-windows"
      VCPKG_LINKER_FLAGS: ""
      VCPKG_LINKER_FLAGS_DEBUG: ""
      VCPKG_LINKER_FLAGS_RELEASE: ""
      VCPKG_PLATFORM_TOOLSET: "v145"
      VCPKG_PREFER_SYSTEM_LIBS: "OFF"
      VCPKG_SET_CHARSET_FLAG: "ON"
      VCPKG_TARGET_ARCHITECTURE: "x64"
      VCPKG_TARGET_TRIPLET: "x64-windows"
      Z_VCPKG_ROOT_DIR: "C:/Program Files/Microsoft Visual Studio/18/Community/VC/vcpkg"
    buildResult:
      variable: "CHECK_CPU_ARCHITECTURE_LOONGARCH64"
      cached: true
      stdout: |
        Change Dir: 'C:/Users/marce/source/repos/PortalDungeon/vcpkg_installed/x64-windows/vcpkg/blds/sdl2/x64-windows-rel/CMakeFiles/CMakeScratch/TryCompile-l13ne6'
        
        Run Build Command(s): C:/Users/marce/AppData/Local/vcpkg/downloads/tools/ninja/1.13.1-windows/ninja.exe -v cmTC_4f39d
        [1/2] C:\\PROGRA~1\\MIB055~1\\18\\COMMUN~1\\VC\\Tools\\MSVC\\1450~1.357\\bin\\Hostx64\\x64\\cl.exe  /nologo -DCHECK_CPU_ARCHITECTURE_LOONGARCH64  /nologo /DWIN32 /D_WINDOWS /utf-8 /MP   /MDd /Z7 /Ob0 /Od /RTC1  -MDd /showIncludes /FoCMakeFiles\\cmTC_4f39d.dir\\src.c.obj /FdCMakeFiles\\cmTC_4f39d.dir\\ /FS -c C:\\Users\\marce\\source\\repos\\PortalDungeon\\vcpkg_installed\\x64-windows\\vcpkg\\blds\\sdl2\\x64-windows-rel\\CMakeFiles\\CMakeScratch\\TryCompile-l13ne6\\src.c
        FAILED: [code=2] CMakeFiles/cmTC_4f39d.dir/src.c.obj 
        C:\\PROGRA~1\\MIB055~1\\18\\COMMUN~1\\VC\\Tools\\MSVC\\1450~1.357\\bin\\Hostx64\\x64\\cl.exe  /nologo -DCHECK_CPU_ARCHITECTURE_LOONGARCH64  /nologo /DWIN32 /D_WINDOWS /utf-8 /MP   /MDd /Z7 /Ob0 /Od /RTC1  -MDd /showIncludes /FoCMakeFiles\\cmTC_4f39d.dir\\src.c.obj /FdCMakeFiles\\cmTC_4f39d.dir\\ /FS -c C:\\Users\\marce\\source\\repos\\PortalDungeon\\vcpkg_installed\\x64-windows\\vcpkg\\blds\\sdl2\\x64-windows-rel\\CMakeFiles\\CMakeScratch\\TryCompile-l13ne6\\src.c
        C:\\Users\\marce\\source\\repos\\PortalDungeon\\vcpkg_installed\\x64-windows\\vcpkg\\blds\\sdl2\\x64-windows-rel\\CMakeFiles\\CMakeScratch\\TryCompile-l13ne6\\src.c(6): error C2065: 'choke': undeclared identifier
        C:\\Users\\marce\\source\\repos\\PortalDungeon\\vcpkg_installed\\x64-windows\\vcpkg\\blds\\sdl2\\x64-windows-rel\\CMakeFiles\\CMakeScratch\\TryCompile-l13ne6\\src.c(8): error C2143: syntax error: missing ';' before '}'
        ninja: build stopped: subcommand failed.
        
      exitCode: 2
  -
    kind: "try_compile-v1"
    backtrace:
      - "C:/Users/marce/AppData/Local/vcpkg/downloads/tools/cmake-3.31.10-windows/cmake-3.31.10-windows-x86_64/share/cmake-3.31/Modules/CheckIncludeFile.cmake:99 (try_compile)"
      - "CMakeLists.txt:1013 (check_include_file)"
    checks:
      - "Looking for immintrin.h"
    directories:
      source: "C:/Users/marce/source/repos/PortalDungeon/vcpkg_installed/x64-windows/vcpkg/blds/sdl2/x64-windows-rel/CMakeFiles/CMakeScratch/TryCompile-8jxpa3"
      binary: "C:/Users/marce/source/repos/PortalDungeon/vcpkg_installed/x64-windows/vcpkg/blds/sdl2/x64-windows-rel/CMakeFiles/CMakeScratch/TryCompile-8jxpa3"
    cmakeVariables:
      CMAKE_C_FLAGS: " /nologo /DWIN32 /D_WINDOWS /utf-8 /MP "
      CMAKE_C_FLAGS_DEBUG: "/MDd /Z7 /Ob0 /Od /RTC1 "
      CMAKE_EXE_LINKER_FLAGS: "/machine:x64"
      CMAKE_MODULE_PATH: "C:/Users/marce/source/repos/PortalDungeon/vcpkg_installed/x64-windows/vcpkg/blds/sdl2/src/ase-2.32.8-cdefe94ced.clean/cmake"
      CMAKE_MSVC_DEBUG_INFORMATION_FORMAT: ""
      CMAKE_MSVC_RUNTIME_LIBRARY: "MultiThreaded$<$<CONFIG:Debug>:Debug>$<$<STREQUAL:dynamic,dynamic>:DLL>"
      VCPKG_CHAINLOAD_TOOLCHAIN_FILE: "C:/Program Files/Microsoft Visual Studio/18/Community/VC/vcpkg/scripts/toolchains/windows.cmake"
      VCPKG_CRT_LINKAGE: "dynamic"
      VCPKG_CXX_FLAGS: ""
      VCPKG_CXX_FLAGS_DEBUG: ""
      VCPKG_CXX_FLAGS_RELEASE: ""
      VCPKG_C_FLAGS: ""
      VCPKG_C_FLAGS_DEBUG: ""
      VCPKG_C_FLAGS_RELEASE: ""
      VCPKG_INSTALLED_DIR: "C:/Users/marce/source/repos/PortalDungeon/vcpkg_installed/x64-windows"
      VCPKG_LINKER_FLAGS: ""
      VCPKG_LINKER_FLAGS_DEBUG: ""
      VCPKG_LINKER_FLAGS_RELEASE: ""
      VCPKG_PLATFORM_TOOLSET: "v145"
      VCPKG_PREFER_SYSTEM_LIBS: "OFF"
      VCPKG_SET_CHARSET_FLAG: "ON"
      VCPKG_TARGET_ARCHITECTURE: "x64"
      VCPKG_TARGET_TRIPLET: "x64-windows"
      Z_VCPKG_ROOT_DIR: "C:/Program Files/Microsoft Visual Studio/18/Community/VC/vcpkg"
    buildResult:
      variable: "HAVE_IMMINTRIN_H"
      cached: true
      stdout: |
        Change Dir: 'C:/Users/marce/source/repos/PortalDungeon/vcpkg_installed/x64-windows/vcpkg/blds/sdl2/x64-windows-rel/CMakeFiles/CMakeScratch/TryCompile-8jxpa3'
        
        Run Build Command(s): C:/Users/marce/AppData/Local/vcpkg/downloads/tools/ninja/1.13.1-windows/ninja.exe -v cmTC_05b57
        [1/2] C:\\PROGRA~1\\MIB055~1\\18\\COMMUN~1\\VC\\Tools\\MSVC\\1450~1.357\\bin\\Hostx64\\x64\\cl.exe  /nologo   /nologo /DWIN32 /D_WINDOWS /utf-8 /MP   -D_GNU_SOURCE=1 /MDd /Z7 /Ob0 /Od /RTC1  -MDd /showIncludes /FoCMakeFiles\\cmTC_05b57.dir\\CheckIncludeFile.c.obj /FdCMakeFiles\\cmTC_05b57.dir\\ /FS -c C:\\Users\\marce\\source\\repos\\PortalDungeon\\vcpkg_installed\\x64-windows\\vcpkg\\blds\\sdl2\\x64-windows-rel\\CMakeFiles\\CMakeScratch\\TryCompile-8jxpa3\\CheckIncludeFile.c
        [2/2] C:\\WINDOWS\\system32\\cmd.exe /C "cd . && C:\\Users\\marce\\AppData\\Local\\vcpkg\\downloads\\tools\\cmake-3.31.10-windows\\cmake-3.31.10-windows-x86_64\\bin\\cmake.exe -E vs_link_exe --msvc-ver=1950 --intdir=CMakeFiles\\cmTC_05b57.dir --rc=C:\\PROGRA~2\\WI3CF2~1\\10\\bin\\100261~1.0\\x64\\rc.exe --mt=C:\\PROGRA~2\\WI3CF2~1\\10\\bin\\100261~1.0\\x64\\mt.exe --manifests  -- C:\\PROGRA~1\\MIB055~1\\18\\COMMUN~1\\VC\\Tools\\MSVC\\1450~1.357\\bin\\Hostx64\\x64\\link.exe /nologo CMakeFiles\\cmTC_05b57.dir\\CheckIncludeFile.c.obj  /out:cmTC_05b57.exe /implib:cmTC_05b57.lib /pdb:cmTC_05b57.pdb /version:0.0 /machine:x64  /nologo    /debug /INCREMENTAL /subsystem:console  kernel32.lib user32.lib gdi32.lib winspool.lib shell32.lib ole32.lib oleaut32.lib uuid.lib comdlg32.lib advapi32.lib && cd ."
        
      exitCode: 0
  -
    kind: "try_compile-v1"
    backtrace:
      - "C:/Users/marce/AppData/Local/vcpkg/downloads/tools/cmake-3.31.10-windows/cmake-3.31.10-windows-x86_64/share/cmake-3.31/Modules/CheckIncludeFile.cmake:99 (try_compile)"
      - "CMakeLists.txt:1022 (check_include_file)"
    checks:
      - "Looking for stdint.h"
    directories:
      source: "C:/Users/marce/source/repos/PortalDungeon/vcpkg_installed/x64-windows/vcpkg/blds/sdl2/x64-windows-rel/CMakeFiles/CMakeScratch/TryCompile-44m1hs"
      binary: "C:/Users/marce/source/repos/PortalDungeon/vcpkg_installed/x64-windows/vcpkg/blds/sdl2/x64-windows-rel/CMakeFiles/CMakeScratch/TryCompile-44m1hs"
    cmakeVariables:
      CMAKE_C_FLAGS: " /nologo /DWIN32 /D_WINDOWS /utf-8 /MP "
      CMAKE_C_FLAGS_DEBUG: "/MDd /Z7 /Ob0 /Od /RTC1 "
      CMAKE_EXE_LINKER_FLAGS: "/machine:x64"
      CMAKE_MODULE_PATH: "C:/Users/marce/source/repos/PortalDungeon/vcpkg_installed/x64-windows/vcpkg/blds/sdl2/src/ase-2.32.8-cdefe94ced.clean/cmake"
      CMAKE_MSVC_DEBUG_INFORMATION_FORMAT: ""
      CMAKE_MSVC_RUNTIME_LIBRARY: "MultiThreaded$<$<CONFIG:Debug>:Debug>$<$<STREQUAL:dynamic,dynamic>:DLL>"
      VCPKG_CHAINLOAD_TOOLCHAIN_FILE: "C:/Program Files/Microsoft Visual Studio/18/Community/VC/vcpkg/scripts/toolchains/windows.cmake"
      VCPKG_CRT_LINKAGE: "dynamic"
      VCPKG_CXX_FLAGS: ""
      VCPKG_CXX_FLAGS_DEBUG: ""
      VCPKG_CXX_FLAGS_RELEASE: ""
      VCPKG_C_FLAGS: ""
      VCPKG_C_FLAGS_DEBUG: ""
      VCPKG_C_FLAGS_RELEASE: ""
      VCPKG_INSTALLED_DIR: "C:/Users/marce/source/repos/PortalDungeon/vcpkg_installed/x64-windows"
      VCPKG_LINKER_FLAGS: ""
      VCPKG_LINKER_FLAGS_DEBUG: ""
      VCPKG_LINKER_FLAGS_RELEASE: ""
      VCPKG_PLATFORM_TOOLSET: "v145"
      VCPKG_PREFER_SYSTEM_LIBS: "OFF"
      VCPKG_SET_CHARSET_FLAG: "ON"
      VCPKG_TARGET_ARCHITECTURE: "x64"
      VCPKG_TARGET_TRIPLET: "x64-windows"
      Z_VCPKG_ROOT_DIR: "C:/Program Files/Microsoft Visual Studio/18/Community/VC/vcpkg"
    buildResult:
      variable: "HAVE_STDINT_H"
      cached: true
      stdout: |
        Change Dir: 'C:/Users/marce/source/repos/PortalDungeon/vcpkg_installed/x64-windows/vcpkg/blds/sdl2/x64-windows-rel/CMakeFiles/CMakeScratch/TryCompile-44m1hs'
        
        Run Build Command(s): C:/Users/marce/AppData/Local/vcpkg/downloads/tools/ninja/1.13.1-windows/ninja.exe -v cmTC_ae730
        [1/2] C:\\PROGRA~1\\MIB055~1\\18\\COMMUN~1\\VC\\Tools\\MSVC\\1450~1.357\\bin\\Hostx64\\x64\\cl.exe  /nologo   /nologo /DWIN32 /D_WINDOWS /utf-8 /MP   -D_GNU_SOURCE=1 /MDd /Z7 /Ob0 /Od /RTC1  -MDd /showIncludes /FoCMakeFiles\\cmTC_ae730.dir\\CheckIncludeFile.c.obj /FdCMakeFiles\\cmTC_ae730.dir\\ /FS -c C:\\Users\\marce\\source\\repos\\PortalDungeon\\vcpkg_installed\\x64-windows\\vcpkg\\blds\\sdl2\\x64-windows-rel\\CMakeFiles\\CMakeScratch\\TryCompile-44m1hs\\CheckIncludeFile.c
        [2/2] C:\\WINDOWS\\system32\\cmd.exe /C "cd . && C:\\Users\\marce\\AppData\\Local\\vcpkg\\downloads\\tools\\cmake-3.31.10-windows\\cmake-3.31.10-windows-x86_64\\bin\\cmake.exe -E vs_link_exe --msvc-ver=1950 --intdir=CMakeFiles\\cmTC_ae730.dir --rc=C:\\PROGRA~2\\WI3CF2~1\\10\\bin\\100261~1.0\\x64\\rc.exe --mt=C:\\PROGRA~2\\WI3CF2~1\\10\\bin\\100261~1.0\\x64\\mt.exe --manifests  -- C:\\PROGRA~1\\MIB055~1\\18\\COMMUN~1\\VC\\Tools\\MSVC\\1450~1.357\\bin\\Hostx64\\x64\\link.exe /nologo CMakeFiles\\cmTC_ae730.dir\\CheckIncludeFile.c.obj  /out:cmTC_ae730.exe /implib:cmTC_ae730.lib /pdb:cmTC_ae730.pdb /version:0.0 /machine:x64  /nologo    /debug /INCREMENTAL /subsystem:console  kernel32.lib user32.lib gdi32.lib winspool.lib shell32.lib ole32.lib oleaut32.lib uuid.lib comdlg32.lib advapi32.lib && cd ."
        
      exitCode: 0
  -
    kind: "try_compile-v1"
    backtrace:
      - "C:/Users/marce/AppData/Local/vcpkg/downloads/tools/cmake-3.31.10-windows/cmake-3.31.10-windows-x86_64/share/cmake-3.31/Modules/CheckSymbolExists.cmake:163 (try_compile)"
      - "C:/Users/marce/AppData/Local/vcpkg/downloads/tools/cmake-3.31.10-windows/cmake-3.31.10-windows-x86_64/share/cmake-3.31/Modules/CheckSymbolExists.cmake:68 (__CHECK_SYMBOL_EXISTS_IMPL)"
      - "CMakeLists.txt:1043 (check_symbol_exists)"
    checks:
      - "Looking for M_PI"
    directories:
      source: "C:/Users/marce/source/repos/PortalDungeon/vcpkg_installed/x64-windows/vcpkg/blds/sdl2/x64-windows-rel/CMakeFiles/CMakeScratch/TryCompile-mrfybs"
      binary: "C:/Users/marce/source/repos/PortalDungeon/vcpkg_installed/x64-windows/vcpkg/blds/sdl2/x64-windows-rel/CMakeFiles/CMakeScratch/TryCompile-mrfybs"
    cmakeVariables:
      CMAKE_C_FLAGS: " /nologo /DWIN32 /D_WINDOWS /utf-8 /MP "
      CMAKE_C_FLAGS_DEBUG: "/MDd /Z7 /Ob0 /Od /RTC1 "
      CMAKE_EXE_LINKER_FLAGS: "/machine:x64"
      CMAKE_MODULE_PATH: "C:/Users/marce/source/repos/PortalDungeon/vcpkg_installed/x64-windows/vcpkg/blds/sdl2/src/ase-2.32.8-cdefe94ced.clean/cmake"
      CMAKE_MSVC_DEBUG_INFORMATION_FORMAT: ""
      CMAKE_MSVC_RUNTIME_LIBRARY: "MultiThreaded$<$<CONFIG:Debug>:Debug>$<$<STREQUAL:dynamic,dynamic>:DLL>"
      VCPKG_CHAINLOAD_TOOLCHAIN_FILE: "C:/Program Files/Microsoft Visual Studio/18/Community/VC/vcpkg/scripts/toolchains/windows.cmake"
      VCPKG_CRT_LINKAGE: "dynamic"
      VCPKG_CXX_FLAGS: ""
      VCPKG_CXX_FLAGS_DEBUG: ""
      VCPKG_CXX_FLAGS_RELEASE: ""
      VCPKG_C_FLAGS: ""
      VCPKG_C_FLAGS_DEBUG: ""
      VCPKG_C_FLAGS_RELEASE: ""
      VCPKG_INSTALLED_DIR: "C:/Users/marce/source/repos/PortalDungeon/vcpkg_installed/x64-windows"
      VCPKG_LINKER_FLAGS: ""
      VCPKG_LINKER_FLAGS_DEBUG: ""
      VCPKG_LINKER_FLAGS_RELEASE: ""
      VCPKG_PLATFORM_TOOLSET: "v145"
      VCPKG_PREFER_SYSTEM_LIBS: "OFF"
      VCPKG_SET_CHARSET_FLAG: "ON"
      VCPKG_TARGET_ARCHITECTURE: "x64"
      VCPKG_TARGET_TRIPLET: "x64-windows"
      Z_VCPKG_ROOT_DIR: "C:/Program Files/Microsoft Visual Studio/18/Community/VC/vcpkg"
    buildResult:
      variable: "HAVE_M_PI"
      cached: true
      stdout: |
        Change Dir: 'C:/Users/marce/source/repos/PortalDungeon/vcpkg_installed/x64-windows/vcpkg/blds/sdl2/x64-windows-rel/CMakeFiles/CMakeScratch/TryCompile-mrfybs'
        
        Run Build Command(s): C:/Users/marce/AppData/Local/vcpkg/downloads/tools/ninja/1.13.1-windows/ninja.exe -v cmTC_78e04
        [1/2] C:\\PROGRA~1\\MIB055~1\\18\\COMMUN~1\\VC\\Tools\\MSVC\\1450~1.357\\bin\\Hostx64\\x64\\cl.exe  /nologo   /nologo /DWIN32 /D_WINDOWS /utf-8 /MP   -D_GNU_SOURCE=1 /MDd /Z7 /Ob0 /Od /RTC1  -MDd /showIncludes /FoCMakeFiles\\cmTC_78e04.dir\\CheckSymbolExists.c.obj /FdCMakeFiles\\cmTC_78e04.dir\\ /FS -c C:\\Users\\marce\\source\\repos\\PortalDungeon\\vcpkg_installed\\x64-windows\\vcpkg\\blds\\sdl2\\x64-windows-rel\\CMakeFiles\\CMakeScratch\\TryCompile-mrfybs\\CheckSymbolExists.c
        FAILED: [code=2] CMakeFiles/cmTC_78e04.dir/CheckSymbolExists.c.obj 
        C:\\PROGRA~1\\MIB055~1\\18\\COMMUN~1\\VC\\Tools\\MSVC\\1450~1.357\\bin\\Hostx64\\x64\\cl.exe  /nologo   /nologo /DWIN32 /D_WINDOWS /utf-8 /MP   -D_GNU_SOURCE=1 /MDd /Z7 /Ob0 /Od /RTC1  -MDd /showIncludes /FoCMakeFiles\\cmTC_78e04.dir\\CheckSymbolExists.c.obj /FdCMakeFiles\\cmTC_78e04.dir\\ /FS -c C:\\Users\\marce\\source\\repos\\PortalDungeon\\vcpkg_installed\\x64-windows\\vcpkg\\blds\\sdl2\\x64-windows-rel\\CMakeFiles\\CMakeScratch\\TryCompile-mrfybs\\CheckSymbolExists.c
        C:\\Users\\marce\\source\\repos\\PortalDungeon\\vcpkg_installed\\x64-windows\\vcpkg\\blds\\sdl2\\x64-windows-rel\\CMakeFiles\\CMakeScratch\\TryCompile-mrfybs\\CheckSymbolExists.c(8): error C2065: 'M_PI': undeclared identifier
        ninja: build stopped: subcommand failed.
        
      exitCode: 2
  -
    kind: "try_compile-v1"
    backtrace:
      - "C:/Users/marce/AppData/Local/vcpkg/downloads/tools/cmake-3.31.10-windows/cmake-3.31.10-windows-x86_64/share/cmake-3.31/Modules/Internal/CheckSourceCompiles.cmake:108 (try_compile)"
      - "C:/Users/marce/AppData/Local/vcpkg/downloads/tools/cmake-3.31.10-windows/cmake-3.31.10-windows-x86_64/share/cmake-3.31/Modules/CheckCSourceCompiles.cmake:58 (cmake_check_source_compiles)"
      - "CMakeLists.txt:1778 (check_c_source_compiles)"
    checks:
      - "Performing Test HAVE_WIN32_CC"
    directories:
      source: "C:/Users/marce/source/repos/PortalDungeon/vcpkg_installed/x64-windows/vcpkg/blds/sdl2/x64-windows-rel/CMakeFiles/CMakeScratch/TryCompile-f92hof"
      binary: "C:/Users/marce/source/repos/PortalDungeon/vcpkg_installed/x64-windows/vcpkg/blds/sdl2/x64-windows-rel/CMakeFiles/CMakeScratch/TryCompile-f92hof"
    cmakeVariables:
      CMAKE_C_FLAGS: " /nologo /DWIN32 /D_WINDOWS /utf-8 /MP "
      CMAKE_C_FLAGS_DEBUG: "/MDd /Z7 /Ob0 /Od /RTC1 "
      CMAKE_EXE_LINKER_FLAGS: "/machine:x64"
      CMAKE_MODULE_PATH: "C:/Users/marce/source/repos/PortalDungeon/vcpkg_installed/x64-windows/vcpkg/blds/sdl2/src/ase-2.32.8-cdefe94ced.clean/cmake"
      CMAKE_MSVC_DEBUG_INFORMATION_FORMAT: ""
      CMAKE_MSVC_RUNTIME_LIBRARY: "MultiThreaded$<$<CONFIG:Debug>:Debug>$<$<STREQUAL:dynamic,dynamic>:DLL>"
      VCPKG_CHAINLOAD_TOOLCHAIN_FILE: "C:/Program Files/Microsoft Visual Studio/18/Community/VC/vcpkg/scripts/toolchains/windows.cmake"
      VCPKG_CRT_LINKAGE: "dynamic"
      VCPKG_CXX_FLAGS: ""
      VCPKG_CXX_FLAGS_DEBUG: ""
      VCPKG_CXX_FLAGS_RELEASE: ""
      VCPKG_C_FLAGS: ""
      VCPKG_C_FLAGS_DEBUG: ""
      VCPKG_C_FLAGS_RELEASE: ""
      VCPKG_INSTALLED_DIR: "C:/Users/marce/source/repos/PortalDungeon/vcpkg_installed/x64-windows"
      VCPKG_LINKER_FLAGS: ""
      VCPKG_LINKER_FLAGS_DEBUG: ""
      VCPKG_LINKER_FLAGS_RELEASE: ""
      VCPKG_PLATFORM_TOOLSET: "v145"
      VCPKG_PREFER_SYSTEM_LIBS: "OFF"
      VCPKG_SET_CHARSET_FLAG: "ON"
      VCPKG_TARGET_ARCHITECTURE: "x64"
      VCPKG_TARGET_TRIPLET: "x64-windows"
      Z_VCPKG_ROOT_DIR: "C:/Program Files/Microsoft Visual Studio/18/Community/VC/vcpkg"
    buildResult:
      variable: "HAVE_WIN32_CC"
      cached: true
      stdout: |
        Change Dir: 'C:/Users/marce/source/repos/PortalDungeon/vcpkg_installed/x64-windows/vcpkg/blds/sdl2/x64-windows-rel/CMakeFiles/CMakeScratch/TryCompile-f92hof'
        
        Run Build Command(s): C:/Users/marce/AppData/Local/vcpkg/downloads/tools/ninja/1.13.1-windows/ninja.exe -v cmTC_94717
        [1/2] C:\\PROGRA~1\\MIB055~1\\18\\COMMUN~1\\VC\\Tools\\MSVC\\1450~1.357\\bin\\Hostx64\\x64\\cl.exe  /nologo -DHAVE_WIN32_CC  /nologo /DWIN32 /D_WINDOWS /utf-8 /MP   -D_GNU_SOURCE=1 /MDd /Z7 /Ob0 /Od /RTC1  -MDd /showIncludes /FoCMakeFiles\\cmTC_94717.dir\\src.c.obj /FdCMakeFiles\\cmTC_94717.dir\\ /FS -c C:\\Users\\marce\\source\\repos\\PortalDungeon\\vcpkg_installed\\x64-windows\\vcpkg\\blds\\sdl2\\x64-windows-rel\\CMakeFiles\\CMakeScratch\\TryCompile-f92hof\\src.c
        [2/2] C:\\WINDOWS\\system32\\cmd.exe /C "cd . && C:\\Users\\marce\\AppData\\Local\\vcpkg\\downloads\\tools\\cmake-3.31.10-windows\\cmake-3.31.10-windows-x86_64\\bin\\cmake.exe -E vs_link_exe --msvc-ver=1950 --intdir=CMakeFiles\\cmTC_94717.dir --rc=C:\\PROGRA~2\\WI3CF2~1\\10\\bin\\100261~1.0\\x64\\rc.exe --mt=C:\\PROGRA~2\\WI3CF2~1\\10\\bin\\100261~1.0\\x64\\mt.exe --manifests  -- C:\\PROGRA~1\\MIB055~1\\18\\COMMUN~1\\VC\\Tools\\MSVC\\1450~1.357\\bin\\Hostx64\\x64\\link.exe /nologo CMakeFiles\\cmTC_94717.dir\\src.c.obj  /out:cmTC_94717.exe /implib:cmTC_94717.lib /pdb:cmTC_94717.pdb /version:0.0 /machine:x64  /nologo    /debug /INCREMENTAL /subsystem:console  kernel32.lib user32.lib gdi32.lib winspool.lib shell32.lib ole32.lib oleaut32.lib uuid.lib comdlg32.lib advapi32.lib && cd ."
        
      exitCode: 0
  -
    kind: "try_compile-v1"
    backtrace:
      - "C:/Users/marce/AppData/Local/vcpkg/downloads/tools/cmake-3.31.10-windows/cmake-3.31.10-windows-x86_64/share/cmake-3.31/Modules/CheckIncludeFile.cmake:99 (try_compile)"
      - "CMakeLists.txt:1813 (check_include_file)"
    checks:
      - "Looking for d3d9.h"
    directories:
      source: "C:/Users/marce/source/repos/PortalDungeon/vcpkg_installed/x64-windows/vcpkg/blds/sdl2/x64-windows-rel/CMakeFiles/CMakeScratch/TryCompile-4cswxr"
      binary: "C:/Users/marce/source/repos/PortalDungeon/vcpkg_installed/x64-windows/vcpkg/blds/sdl2/x64-windows-rel/CMakeFiles/CMakeScratch/TryCompile-4cswxr"
    cmakeVariables:
      CMAKE_C_FLAGS: " /nologo /DWIN32 /D_WINDOWS /utf-8 /MP "
      CMAKE_C_FLAGS_DEBUG: "/MDd /Z7 /Ob0 /Od /RTC1 "
      CMAKE_EXE_LINKER_FLAGS: "/machine:x64"
      CMAKE_MODULE_PATH: "C:/Users/marce/source/repos/PortalDungeon/vcpkg_installed/x64-windows/vcpkg/blds/sdl2/src/ase-2.32.8-cdefe94ced.clean/cmake"
      CMAKE_MSVC_DEBUG_INFORMATION_FORMAT: ""
      CMAKE_MSVC_RUNTIME_LIBRARY: "MultiThreaded$<$<CONFIG:Debug>:Debug>$<$<STREQUAL:dynamic,dynamic>:DLL>"
      VCPKG_CHAINLOAD_TOOLCHAIN_FILE: "C:/Program Files/Microsoft Visual Studio/18/Community/VC/vcpkg/scripts/toolchains/windows.cmake"
      VCPKG_CRT_LINKAGE: "dynamic"
      VCPKG_CXX_FLAGS: ""
      VCPKG_CXX_FLAGS_DEBUG: ""
      VCPKG_CXX_FLAGS_RELEASE: ""
      VCPKG_C_FLAGS: ""
      VCPKG_C_FLAGS_DEBUG: ""
      VCPKG_C_FLAGS_RELEASE: ""
      VCPKG_INSTALLED_DIR: "C:/Users/marce/source/repos/PortalDungeon/vcpkg_installed/x64-windows"
      VCPKG_LINKER_FLAGS: ""
      VCPKG_LINKER_FLAGS_DEBUG: ""
      VCPKG_LINKER_FLAGS_RELEASE: ""
      VCPKG_PLATFORM_TOOLSET: "v145"
      VCPKG_PREFER_SYSTEM_LIBS: "OFF"
      VCPKG_SET_CHARSET_FLAG: "ON"
      VCPKG_TARGET_ARCHITECTURE: "x64"
      VCPKG_TARGET_TRIPLET: "x64-windows"
      Z_VCPKG_ROOT_DIR: "C:/Program Files/Microsoft Visual Studio/18/Community/VC/vcpkg"
    buildResult:
      variable: "HAVE_D3D_H"
      cached: true
      stdout: |
        Change Dir: 'C:/Users/marce/source/repos/PortalDungeon/vcpkg_installed/x64-windows/vcpkg/blds/sdl2/x64-windows-rel/CMakeFiles/CMakeScratch/TryCompile-4cswxr'
        
        Run Build Command(s): C:/Users/marce/AppData/Local/vcpkg/downloads/tools/ninja/1.13.1-windows/ninja.exe -v cmTC_0b4ac
        [1/2] C:\\PROGRA~1\\MIB055~1\\18\\COMMUN~1\\VC\\Tools\\MSVC\\1450~1.357\\bin\\Hostx64\\x64\\cl.exe  /nologo   /nologo /DWIN32 /D_WINDOWS /utf-8 /MP   -D_GNU_SOURCE=1 /MDd /Z7 /Ob0 /Od /RTC1  -MDd /showIncludes /FoCMakeFiles\\cmTC_0b4ac.dir\\CheckIncludeFile.c.obj /FdCMakeFiles\\cmTC_0b4ac.dir\\ /FS -c C:\\Users\\marce\\source\\repos\\PortalDungeon\\vcpkg_installed\\x64-windows\\vcpkg\\blds\\sdl2\\x64-windows-rel\\CMakeFiles\\CMakeScratch\\TryCompile-4cswxr\\CheckIncludeFile.c
        [2/2] C:\\WINDOWS\\system32\\cmd.exe /C "cd . && C:\\Users\\marce\\AppData\\Local\\vcpkg\\downloads\\tools\\cmake-3.31.10-windows\\cmake-3.31.10-windows-x86_64\\bin\\cmake.exe -E vs_link_exe --msvc-ver=1950 --intdir=CMakeFiles\\cmTC_0b4ac.dir --rc=C:\\PROGRA~2\\WI3CF2~1\\10\\bin\\100261~1.0\\x64\\rc.exe --mt=C:\\PROGRA~2\\WI3CF2~1\\10\\bin\\100261~1.0\\x64\\mt.exe --manifests  -- C:\\PROGRA~1\\MIB055~1\\18\\COMMUN~1\\VC\\Tools\\MSVC\\1450~1.357\\bin\\Hostx64\\x64\\link.exe /nologo CMakeFiles\\cmTC_0b4ac.dir\\CheckIncludeFile.c.obj  /out:cmTC_0b4ac.exe /implib:cmTC_0b4ac.lib /pdb:cmTC_0b4ac.pdb /version:0.0 /machine:x64  /nologo    /debug /INCREMENTAL /subsystem:console  kernel32.lib user32.lib gdi32.lib winspool.lib shell32.lib ole32.lib oleaut32.lib uuid.lib comdlg32.lib advapi32.lib && cd ."
        
      exitCode: 0
  -
    kind: "try_compile-v1"
    backtrace:
      - "C:/Users/marce/AppData/Local/vcpkg/downloads/tools/cmake-3.31.10-windows/cmake-3.31.10-windows-x86_64/share/cmake-3.31/Modules/CheckIncludeFile.cmake:99 (try_compile)"
      - "CMakeLists.txt:1814 (check_include_file)"
    checks:
      - "Looking for d3d11_1.h"
    directories:
      source: "C:/Users/marce/source/repos/PortalDungeon/vcpkg_installed/x64-windows/vcpkg/blds/sdl2/x64-windows-rel/CMakeFiles/CMakeScratch/TryCompile-ew3e9v"
      binary: "C:/Users/marce/source/repos/PortalDungeon/vcpkg_installed/x64-windows/vcpkg/blds/sdl2/x64-windows-rel/CMakeFiles/CMakeScratch/TryCompile-ew3e9v"
    cmakeVariables:
      CMAKE_C_FLAGS: " /nologo /DWIN32 /D_WINDOWS /utf-8 /MP "
      CMAKE_C_FLAGS_DEBUG: "/MDd /Z7 /Ob0 /Od /RTC1 "
      CMAKE_EXE_LINKER_FLAGS: "/machine:x64"
      CMAKE_MODULE_PATH: "C:/Users/marce/source/repos/PortalDungeon/vcpkg_installed/x64-windows/vcpkg/blds/sdl2/src/ase-2.32.8-cdefe94ced.clean/cmake"
      CMAKE_MSVC_DEBUG_INFORMATION_FORMAT: ""
      CMAKE_MSVC_RUNTIME_LIBRARY: "MultiThreaded$<$<CONFIG:Debug>:Debug>$<$<STREQUAL:dynamic,dynamic>:DLL>"
      VCPKG_CHAINLOAD_TOOLCHAIN_FILE: "C:/Program Files/Microsoft Visual Studio/18/Community/VC/vcpkg/scripts/toolchains/windows.cmake"
      VCPKG_CRT_LINKAGE: "dynamic"
      VCPKG_CXX_FLAGS: ""
      VCPKG_CXX_FLAGS_DEBUG: ""
      VCPKG_CXX_FLAGS_RELEASE: ""
      VCPKG_C_FLAGS: ""
      VCPKG_C_FLAGS_DEBUG: ""
      VCPKG_C_FLAGS_RELEASE: ""
      VCPKG_INSTALLED_DIR: "C:/Users/marce/source/repos/PortalDungeon/vcpkg_installed/x64-windows"
      VCPKG_LINKER_FLAGS: ""
      VCPKG_LINKER_FLAGS_DEBUG: ""
      VCPKG_LINKER_FLAGS_RELEASE: ""
      VCPKG_PLATFORM_TOOLSET: "v145"
      VCPKG_PREFER_SYSTEM_LIBS: "OFF"
      VCPKG_SET_CHARSET_FLAG: "ON"
      VCPKG_TARGET_ARCHITECTURE: "x64"
      VCPKG_TARGET_TRIPLET: "x64-windows"
      Z_VCPKG_ROOT_DIR: "C:/Program Files/Microsoft Visual Studio/18/Community/VC/vcpkg"
    buildResult:
      variable: "HAVE_D3D11_H"
      cached: true
      stdout: |
        Change Dir: 'C:/Users/marce/source/repos/PortalDungeon/vcpkg_installed/x64-windows/vcpkg/blds/sdl2/x64-windows-rel/CMakeFiles/CMakeScratch/TryCompile-ew3e9v'
        
        Run Build Command(s): C:/Users/marce/AppData/Local/vcpkg/downloads/tools/ninja/1.13.1-windows/ninja.exe -v cmTC_5b8b9
        [1/2] C:\\PROGRA~1\\MIB055~1\\18\\COMMUN~1\\VC\\Tools\\MSVC\\1450~1.357\\bin\\Hostx64\\x64\\cl.exe  /nologo   /nologo /DWIN32 /D_WINDOWS /utf-8 /MP   -D_GNU_SOURCE=1 /MDd /Z7 /Ob0 /Od /RTC1  -MDd /showIncludes /FoCMakeFiles\\cmTC_5b8b9.dir\\CheckIncludeFile.c.obj /FdCMakeFiles\\cmTC_5b8b9.dir\\ /FS -c C:\\Users\\marce\\source\\repos\\PortalDungeon\\vcpkg_installed\\x64-windows\\vcpkg\\blds\\sdl2\\x64-windows-rel\\CMakeFiles\\CMakeScratch\\TryCompile-ew3e9v\\CheckIncludeFile.c
        [2/2] C:\\WINDOWS\\system32\\cmd.exe /C "cd . && C:\\Users\\marce\\AppData\\Local\\vcpkg\\downloads\\tools\\cmake-3.31.10-windows\\cmake-3.31.10-windows-x86_64\\bin\\cmake.exe -E vs_link_exe --msvc-ver=1950 --intdir=CMakeFiles\\cmTC_5b8b9.dir --rc=C:\\PROGRA~2\\WI3CF2~1\\10\\bin\\100261~1.0\\x64\\rc.exe --mt=C:\\PROGRA~2\\WI3CF2~1\\10\\bin\\100261~1.0\\x64\\mt.exe --manifests  -- C:\\PROGRA~1\\MIB055~1\\18\\COMMUN~1\\VC\\Tools\\MSVC\\1450~1.357\\bin\\Hostx64\\x64\\link.exe /nologo CMakeFiles\\cmTC_5b8b9.dir\\CheckIncludeFile.c.obj  /out:cmTC_5b8b9.exe /implib:cmTC_5b8b9.lib /pdb:cmTC_5b8b9.pdb /version:0.0 /machine:x64  /nologo    /debug /INCREMENTAL /subsystem:console  kernel32.lib user32.lib gdi32.lib winspool.lib shell32.lib ole32.lib oleaut32.lib uuid.lib comdlg32.lib advapi32.lib && cd ."
        
      exitCode: 0
  -
    kind: "try_compile-v1"
    backtrace:
      - "C:/Users/marce/AppData/Local/vcpkg/downloads/tools/cmake-3.31.10-windows/cmake-3.31.10-windows-x86_64/share/cmake-3.31/Modules/Internal/CheckSourceCompiles.cmake:108 (try_compile)"
      - "C:/Users/marce/AppData/Local/vcpkg/downloads/tools/cmake-3.31.10-windows/cmake-3.31.10-windows-x86_64/share/cmake-3.31/Modules/CheckCSourceCompiles.cmake:58 (cmake_check_source_compiles)"
      - "CMakeLists.txt:1815 (check_c_source_compiles)"
    checks:
      - "Performing Test HAVE_D3D12_H"
    directories:
      source: "C:/Users/marce/source/repos/PortalDungeon/vcpkg_installed/x64-windows/vcpkg/blds/sdl2/x64-windows-rel/CMakeFiles/CMakeScratch/TryCompile-94644x"
      binary: "C:/Users/marce/source/repos/PortalDungeon/vcpkg_installed/x64-windows/vcpkg/blds/sdl2/x64-windows-rel/CMakeFiles/CMakeScratch/TryCompile-94644x"
    cmakeVariables:
      CMAKE_C_FLAGS: " /nologo /DWIN32 /D_WINDOWS /utf-8 /MP "
      CMAKE_C_FLAGS_DEBUG: "/MDd /Z7 /Ob0 /Od /RTC1 "
      CMAKE_EXE_LINKER_FLAGS: "/machine:x64"
      CMAKE_MODULE_PATH: "C:/Users/marce/source/repos/PortalDungeon/vcpkg_installed/x64-windows/vcpkg/blds/sdl2/src/ase-2.32.8-cdefe94ced.clean/cmake"
      CMAKE_MSVC_DEBUG_INFORMATION_FORMAT: ""
      CMAKE_MSVC_RUNTIME_LIBRARY: "MultiThreaded$<$<CONFIG:Debug>:Debug>$<$<STREQUAL:dynamic,dynamic>:DLL>"
      VCPKG_CHAINLOAD_TOOLCHAIN_FILE: "C:/Program Files/Microsoft Visual Studio/18/Community/VC/vcpkg/scripts/toolchains/windows.cmake"
      VCPKG_CRT_LINKAGE: "dynamic"
      VCPKG_CXX_FLAGS: ""
      VCPKG_CXX_FLAGS_DEBUG: ""
      VCPKG_CXX_FLAGS_RELEASE: ""
      VCPKG_C_FLAGS: ""
      VCPKG_C_FLAGS_DEBUG: ""
      VCPKG_C_FLAGS_RELEASE: ""
      VCPKG_INSTALLED_DIR: "C:/Users/marce/source/repos/PortalDungeon/vcpkg_installed/x64-windows"
      VCPKG_LINKER_FLAGS: ""
      VCPKG_LINKER_FLAGS_DEBUG: ""
      VCPKG_LINKER_FLAGS_RELEASE: ""
      VCPKG_PLATFORM_TOOLSET: "v145"
      VCPKG_PREFER_SYSTEM_LIBS: "OFF"
      VCPKG_SET_CHARSET_FLAG: "ON"
      VCPKG_TARGET_ARCHITECTURE: "x64"
      VCPKG_TARGET_TRIPLET: "x64-windows"
      Z_VCPKG_ROOT_DIR: "C:/Program Files/Microsoft Visual Studio/18/Community/VC/vcpkg"
    buildResult:
      variable: "HAVE_D3D12_H"
      cached: true
      stdout: |
        Change Dir: 'C:/Users/marce/source/repos/PortalDungeon/vcpkg_installed/x64-windows/vcpkg/blds/sdl2/x64-windows-rel/CMakeFiles/CMakeScratch/TryCompile-94644x'
        
        Run Build Command(s): C:/Users/marce/AppData/Local/vcpkg/downloads/tools/ninja/1.13.1-windows/ninja.exe -v cmTC_9579e
        [1/2] C:\\PROGRA~1\\MIB055~1\\18\\COMMUN~1\\VC\\Tools\\MSVC\\1450~1.357\\bin\\Hostx64\\x64\\cl.exe  /nologo -DHAVE_D3D12_H  /nologo /DWIN32 /D_WINDOWS /utf-8 /MP   -D_GNU_SOURCE=1 /MDd /Z7 /Ob0 /Od /RTC1  -MDd /showIncludes /FoCMakeFiles\\cmTC_9579e.dir\\src.c.obj /FdCMakeFiles\\cmTC_9579e.dir\\ /FS -c C:\\Users\\marce\\source\\repos\\PortalDungeon\\vcpkg_installed\\x64-windows\\vcpkg\\blds\\sdl2\\x64-windows-rel\\CMakeFiles\\CMakeScratch\\TryCompile-94644x\\src.c
        [2/2] C:\\WINDOWS\\system32\\cmd.exe /C "cd . && C:\\Users\\marce\\AppData\\Local\\vcpkg\\downloads\\tools\\cmake-3.31.10-windows\\cmake-3.31.10-windows-x86_64\\bin\\cmake.exe -E vs_link_exe --msvc-ver=1950 --intdir=CMakeFiles\\cmTC_9579e.dir --rc=C:\\PROGRA~2\\WI3CF2~1\\10\\bin\\100261~1.0\\x64\\rc.exe --mt=C:\\PROGRA~2\\WI3CF2~1\\10\\bin\\100261~1.0\\x64\\mt.exe --manifests  -- C:\\PROGRA~1\\MIB055~1\\18\\COMMUN~1\\VC\\Tools\\MSVC\\1450~1.357\\bin\\Hostx64\\x64\\link.exe /nologo CMakeFiles\\cmTC_9579e.dir\\src.c.obj  /out:cmTC_9579e.exe /implib:cmTC_9579e.lib /pdb:cmTC_9579e.pdb /version:0.0 /machine:x64  /nologo    /debug /INCREMENTAL /subsystem:console  kernel32.lib user32.lib gdi32.lib winspool.lib shell32.lib ole32.lib oleaut32.lib uuid.lib comdlg32.lib advapi32.lib && cd ."
        
      exitCode: 0
  -
    kind: "try_compile-v1"
    backtrace:
      - "C:/Users/marce/AppData/Local/vcpkg/downloads/tools/cmake-3.31.10-windows/cmake-3.31.10-windows-x86_64/share/cmake-3.31/Modules/CheckIncludeFile.cmake:99 (try_compile)"
      - "CMakeLists.txt:1821 (check_include_file)"
    checks:
      - "Looking for ddraw.h"
    directories:
      source: "C:/Users/marce/source/repos/PortalDungeon/vcpkg_installed/x64-windows/vcpkg/blds/sdl2/x64-windows-rel/CMakeFiles/CMakeScratch/TryCompile-67soim"
      binary: "C:/Users/marce/source/repos/PortalDungeon/vcpkg_installed/x64-windows/vcpkg/blds/sdl2/x64-windows-rel/CMakeFiles/CMakeScratch/TryCompile-67soim"
    cmakeVariables:
      CMAKE_C_FLAGS: " /nologo /DWIN32 /D_WINDOWS /utf-8 /MP "
      CMAKE_C_FLAGS_DEBUG: "/MDd /Z7 /Ob0 /Od /RTC1 "
      CMAKE_EXE_LINKER_FLAGS: "/machine:x64"
      CMAKE_MODULE_PATH: "C:/Users/marce/source/repos/PortalDungeon/vcpkg_installed/x64-windows/vcpkg/blds/sdl2/src/ase-2.32.8-cdefe94ced.clean/cmake"
      CMAKE_MSVC_DEBUG_INFORMATION_FORMAT: ""
      CMAKE_MSVC_RUNTIME_LIBRARY: "MultiThreaded$<$<CONFIG:Debug>:Debug>$<$<STREQUAL:dynamic,dynamic>:DLL>"
      VCPKG_CHAINLOAD_TOOLCHAIN_FILE: "C:/Program Files/Microsoft Visual Studio/18/Community/VC/vcpkg/scripts/toolchains/windows.cmake"
      VCPKG_CRT_LINKAGE: "dynamic"
      VCPKG_CXX_FLAGS: ""
      VCPKG_CXX_FLAGS_DEBUG: ""
      VCPKG_CXX_FLAGS_RELEASE: ""
      VCPKG_C_FLAGS: ""
      VCPKG_C_FLAGS_DEBUG: ""
      VCPKG_C_FLAGS_RELEASE: ""
      VCPKG_INSTALLED_DIR: "C:/Users/marce/source/repos/PortalDungeon/vcpkg_installed/x64-windows"
      VCPKG_LINKER_FLAGS: ""
      VCPKG_LINKER_FLAGS_DEBUG: ""
      VCPKG_LINKER_FLAGS_RELEASE: ""
      VCPKG_PLATFORM_TOOLSET: "v145"
      VCPKG_PREFER_SYSTEM_LIBS: "OFF"
      VCPKG_SET_CHARSET_FLAG: "ON"
      VCPKG_TARGET_ARCHITECTURE: "x64"
      VCPKG_TARGET_TRIPLET: "x64-windows"
      Z_VCPKG_ROOT_DIR: "C:/Program Files/Microsoft Visual Studio/18/Community/VC/vcpkg"
    buildResult:
      variable: "HAVE_DDRAW_H"
      cached: true
      stdout: |
        Change Dir: 'C:/Users/marce/source/repos/PortalDungeon/vcpkg_installed/x64-windows/vcpkg/blds/sdl2/x64-windows-rel/CMakeFiles/CMakeScratch/TryCompile-67soim'
        
        Run Build Command(s): C:/Users/marce/AppData/Local/vcpkg/downloads/tools/ninja/1.13.1-windows/ninja.exe -v cmTC_d7dde
        [1/2] C:\\PROGRA~1\\MIB055~1\\18\\COMMUN~1\\VC\\Tools\\MSVC\\1450~1.357\\bin\\Hostx64\\x64\\cl.exe  /nologo   /nologo /DWIN32 /D_WINDOWS /utf-8 /MP   -D_GNU_SOURCE=1 /MDd /Z7 /Ob0 /Od /RTC1  -MDd /showIncludes /FoCMakeFiles\\cmTC_d7dde.dir\\CheckIncludeFile.c.obj /FdCMakeFiles\\cmTC_d7dde.dir\\ /FS -c C:\\Users\\marce\\source\\repos\\PortalDungeon\\vcpkg_installed\\x64-windows\\vcpkg\\blds\\sdl2\\x64-windows-rel\\CMakeFiles\\CMakeScratch\\TryCompile-67soim\\CheckIncludeFile.c
        [2/2] C:\\WINDOWS\\system32\\cmd.exe /C "cd . && C:\\Users\\marce\\AppData\\Local\\vcpkg\\downloads\\tools\\cmake-3.31.10-windows\\cmake-3.31.10-windows-x86_64\\bin\\cmake.exe -E vs_link_exe --msvc-ver=1950 --intdir=CMakeFiles\\cmTC_d7dde.dir --rc=C:\\PROGRA~2\\WI3CF2~1\\10\\bin\\100261~1.0\\x64\\rc.exe --mt=C:\\PROGRA~2\\WI3CF2~1\\10\\bin\\100261~1.0\\x64\\mt.exe --manifests  -- C:\\PROGRA~1\\MIB055~1\\18\\COMMUN~1\\VC\\Tools\\MSVC\\1450~1.357\\bin\\Hostx64\\x64\\link.exe /nologo CMakeFiles\\cmTC_d7dde.dir\\CheckIncludeFile.c.obj  /out:cmTC_d7dde.exe /implib:cmTC_d7dde.lib /pdb:cmTC_d7dde.pdb /version:0.0 /machine:x64  /nologo    /debug /INCREMENTAL /subsystem:console  kernel32.lib user32.lib gdi32.lib winspool.lib shell32.lib ole32.lib oleaut32.lib uuid.lib comdlg32.lib advapi32.lib && cd ."
        
      exitCode: 0
  -
    kind: "try_compile-v1"
    backtrace:
      - "C:/Users/marce/AppData/Local/vcpkg/downloads/tools/cmake-3.31.10-windows/cmake-3.31.10-windows-x86_64/share/cmake-3.31/Modules/CheckIncludeFile.cmake:99 (try_compile)"
      - "CMakeLists.txt:1822 (check_include_file)"
    checks:
      - "Looking for dsound.h"
    directories:
      source: "C:/Users/marce/source/repos/PortalDungeon/vcpkg_installed/x64-windows/vcpkg/blds/sdl2/x64-windows-rel/CMakeFiles/CMakeScratch/TryCompile-jfauw3"
      binary: "C:/Users/marce/source/repos/PortalDungeon/vcpkg_installed/x64-windows/vcpkg/blds/sdl2/x64-windows-rel/CMakeFiles/CMakeScratch/TryCompile-jfauw3"
    cmakeVariables:
      CMAKE_C_FLAGS: " /nologo /DWIN32 /D_WINDOWS /utf-8 /MP "
      CMAKE_C_FLAGS_DEBUG: "/MDd /Z7 /Ob0 /Od /RTC1 "
      CMAKE_EXE_LINKER_FLAGS: "/machine:x64"
      CMAKE_MODULE_PATH: "C:/Users/marce/source/repos/PortalDungeon/vcpkg_installed/x64-windows/vcpkg/blds/sdl2/src/ase-2.32.8-cdefe94ced.clean/cmake"
      CMAKE_MSVC_DEBUG_INFORMATION_FORMAT: ""
      CMAKE_MSVC_RUNTIME_LIBRARY: "MultiThreaded$<$<CONFIG:Debug>:Debug>$<$<STREQUAL:dynamic,dynamic>:DLL>"
      VCPKG_CHAINLOAD_TOOLCHAIN_FILE: "C:/Program Files/Microsoft Visual Studio/18/Community/VC/vcpkg/scripts/toolchains/windows.cmake"
      VCPKG_CRT_LINKAGE: "dynamic"
      VCPKG_CXX_FLAGS: ""
      VCPKG_CXX_FLAGS_DEBUG: ""
      VCPKG_CXX_FLAGS_RELEASE: ""
      VCPKG_C_FLAGS: ""
      VCPKG_C_FLAGS_DEBUG: ""
      VCPKG_C_FLAGS_RELEASE: ""
      VCPKG_INSTALLED_DIR: "C:/Users/marce/source/repos/PortalDungeon/vcpkg_installed/x64-windows"
      VCPKG_LINKER_FLAGS: ""
      VCPKG_LINKER_FLAGS_DEBUG: ""
      VCPKG_LINKER_FLAGS_RELEASE: ""
      VCPKG_PLATFORM_TOOLSET: "v145"
      VCPKG_PREFER_SYSTEM_LIBS: "OFF"
      VCPKG_SET_CHARSET_FLAG: "ON"
      VCPKG_TARGET_ARCHITECTURE: "x64"
      VCPKG_TARGET_TRIPLET: "x64-windows"
      Z_VCPKG_ROOT_DIR: "C:/Program Files/Microsoft Visual Studio/18/Community/VC/vcpkg"
    buildResult:
      variable: "HAVE_DSOUND_H"
      cached: true
      stdout: |
        Change Dir: 'C:/Users/marce/source/repos/PortalDungeon/vcpkg_installed/x64-windows/vcpkg/blds/sdl2/x64-windows-rel/CMakeFiles/CMakeScratch/TryCompile-jfauw3'
        
        Run Build Command(s): C:/Users/marce/AppData/Local/vcpkg/downloads/tools/ninja/1.13.1-windows/ninja.exe -v cmTC_8fa86
        [1/2] C:\\PROGRA~1\\MIB055~1\\18\\COMMUN~1\\VC\\Tools\\MSVC\\1450~1.357\\bin\\Hostx64\\x64\\cl.exe  /nologo   /nologo /DWIN32 /D_WINDOWS /utf-8 /MP   -D_GNU_SOURCE=1 /MDd /Z7 /Ob0 /Od /RTC1  -MDd /showIncludes /FoCMakeFiles\\cmTC_8fa86.dir\\CheckIncludeFile.c.obj /FdCMakeFiles\\cmTC_8fa86.dir\\ /FS -c C:\\Users\\marce\\source\\repos\\PortalDungeon\\vcpkg_installed\\x64-windows\\vcpkg\\blds\\sdl2\\x64-windows-rel\\CMakeFiles\\CMakeScratch\\TryCompile-jfauw3\\CheckIncludeFile.c
        [2/2] C:\\WINDOWS\\system32\\cmd.exe /C "cd . && C:\\Users\\marce\\AppData\\Local\\vcpkg\\downloads\\tools\\cmake-3.31.10-windows\\cmake-3.31.10-windows-x86_64\\bin\\cmake.exe -E vs_link_exe --msvc-ver=1950 --intdir=CMakeFiles\\cmTC_8fa86.dir --rc=C:\\PROGRA~2\\WI3CF2~1\\10\\bin\\100261~1.0\\x64\\rc.exe --mt=C:\\PROGRA~2\\WI3CF2~1\\10\\bin\\100261~1.0\\x64\\mt.exe --manifests  -- C:\\PROGRA~1\\MIB055~1\\18\\COMMUN~1\\VC\\Tools\\MSVC\\1450~1.357\\bin\\Hostx64\\x64\\link.exe /nologo CMakeFiles\\cmTC_8fa86.dir\\CheckIncludeFile.c.obj  /out:cmTC_8fa86.exe /implib:cmTC_8fa86.lib /pdb:cmTC_8fa86.pdb /version:0.0 /machine:x64  /nologo    /debug /INCREMENTAL /subsystem:console  kernel32.lib user32.lib gdi32.lib winspool.lib shell32.lib ole32.lib oleaut32.lib uuid.lib comdlg32.lib advapi32.lib && cd ."
        
      exitCode: 0
  -
    kind: "try_compile-v1"
    backtrace:
      - "C:/Users/marce/AppData/Local/vcpkg/downloads/tools/cmake-3.31.10-windows/cmake-3.31.10-windows-x86_64/share/cmake-3.31/Modules/CheckIncludeFile.cmake:99 (try_compile)"
      - "CMakeLists.txt:1823 (check_include_file)"
    checks:
      - "Looking for dinput.h"
    directories:
      source: "C:/Users/marce/source/repos/PortalDungeon/vcpkg_installed/x64-windows/vcpkg/blds/sdl2/x64-windows-rel/CMakeFiles/CMakeScratch/TryCompile-alvlwu"
      binary: "C:/Users/marce/source/repos/PortalDungeon/vcpkg_installed/x64-windows/vcpkg/blds/sdl2/x64-windows-rel/CMakeFiles/CMakeScratch/TryCompile-alvlwu"
    cmakeVariables:
      CMAKE_C_FLAGS: " /nologo /DWIN32 /D_WINDOWS /utf-8 /MP "
      CMAKE_C_FLAGS_DEBUG: "/MDd /Z7 /Ob0 /Od /RTC1 "
      CMAKE_EXE_LINKER_FLAGS: "/machine:x64"
      CMAKE_MODULE_PATH: "C:/Users/marce/source/repos/PortalDungeon/vcpkg_installed/x64-windows/vcpkg/blds/sdl2/src/ase-2.32.8-cdefe94ced.clean/cmake"
      CMAKE_MSVC_DEBUG_INFORMATION_FORMAT: ""
      CMAKE_MSVC_RUNTIME_LIBRARY: "MultiThreaded$<$<CONFIG:Debug>:Debug>$<$<STREQUAL:dynamic,dynamic>:DLL>"
      VCPKG_CHAINLOAD_TOOLCHAIN_FILE: "C:/Program Files/Microsoft Visual Studio/18/Community/VC/vcpkg/scripts/toolchains/windows.cmake"
      VCPKG_CRT_LINKAGE: "dynamic"
      VCPKG_CXX_FLAGS: ""
      VCPKG_CXX_FLAGS_DEBUG: ""
      VCPKG_CXX_FLAGS_RELEASE: ""
      VCPKG_C_FLAGS: ""
      VCPKG_C_FLAGS_DEBUG: ""
      VCPKG_C_FLAGS_RELEASE: ""
      VCPKG_INSTALLED_DIR: "C:/Users/marce/source/repos/PortalDungeon/vcpkg_installed/x64-windows"
      VCPKG_LINKER_FLAGS: ""
      VCPKG_LINKER_FLAGS_DEBUG: ""
      VCPKG_LINKER_FLAGS_RELEASE: ""
      VCPKG_PLATFORM_TOOLSET: "v145"
      VCPKG_PREFER_SYSTEM_LIBS: "OFF"
      VCPKG_SET_CHARSET_FLAG: "ON"
      VCPKG_TARGET_ARCHITECTURE: "x64"
      VCPKG_TARGET_TRIPLET: "x64-windows"
      Z_VCPKG_ROOT_DIR: "C:/Program Files/Microsoft Visual Studio/18/Community/VC/vcpkg"
    buildResult:
      variable: "HAVE_DINPUT_H"
      cached: true
      stdout: |
        Change Dir: 'C:/Users/marce/source/repos/PortalDungeon/vcpkg_installed/x64-windows/vcpkg/blds/sdl2/x64-windows-rel/CMakeFiles/CMakeScratch/TryCompile-alvlwu'
        
        Run Build Command(s): C:/Users/marce/AppData/Local/vcpkg/downloads/tools/ninja/1.13.1-windows/ninja.exe -v cmTC_1e921
        [1/2] C:\\PROGRA~1\\MIB055~1\\18\\COMMUN~1\\VC\\Tools\\MSVC\\1450~1.357\\bin\\Hostx64\\x64\\cl.exe  /nologo   /nologo /DWIN32 /D_WINDOWS /utf-8 /MP   -D_GNU_SOURCE=1 /MDd /Z7 /Ob0 /Od /RTC1  -MDd /showIncludes /FoCMakeFiles\\cmTC_1e921.dir\\CheckIncludeFile.c.obj /FdCMakeFiles\\cmTC_1e921.dir\\ /FS -c C:\\Users\\marce\\source\\repos\\PortalDungeon\\vcpkg_installed\\x64-windows\\vcpkg\\blds\\sdl2\\x64-windows-rel\\CMakeFiles\\CMakeScratch\\TryCompile-alvlwu\\CheckIncludeFile.c
        C:\\Program Files (x86)\\Windows Kits\\10\\include\\10.0.26100.0\\um\\dinput.h: DIRECTINPUT_VERSION undefined. Defaulting to version 0x0800
        [2/2] C:\\WINDOWS\\system32\\cmd.exe /C "cd . && C:\\Users\\marce\\AppData\\Local\\vcpkg\\downloads\\tools\\cmake-3.31.10-windows\\cmake-3.31.10-windows-x86_64\\bin\\cmake.exe -E vs_link_exe --msvc-ver=1950 --intdir=CMakeFiles\\cmTC_1e921.dir --rc=C:\\PROGRA~2\\WI3CF2~1\\10\\bin\\100261~1.0\\x64\\rc.exe --mt=C:\\PROGRA~2\\WI3CF2~1\\10\\bin\\100261~1.0\\x64\\mt.exe --manifests  -- C:\\PROGRA~1\\MIB055~1\\18\\COMMUN~1\\VC\\Tools\\MSVC\\1450~1.357\\bin\\Hostx64\\x64\\link.exe /nologo CMakeFiles\\cmTC_1e921.dir\\CheckIncludeFile.c.obj  /out:cmTC_1e921.exe /implib:cmTC_1e921.lib /pdb:cmTC_1e921.pdb /version:0.0 /machine:x64  /nologo    /debug /INCREMENTAL /subsystem:console  kernel32.lib user32.lib gdi32.lib winspool.lib shell32.lib ole32.lib oleaut32.lib uuid.lib comdlg32.lib advapi32.lib && cd ."
        
      exitCode: 0
  -
    kind: "try_compile-v1"
    backtrace:
      - "C:/Users/marce/AppData/Local/vcpkg/downloads/tools/cmake-3.31.10-windows/cmake-3.31.10-windows-x86_64/share/cmake-3.31/Modules/CheckIncludeFile.cmake:99 (try_compile)"
      - "CMakeLists.txt:1827 (check_include_file)"
    checks:
      - "Looking for dxgi.h"
    directories:
      source: "C:/Users/marce/source/repos/PortalDungeon/vcpkg_installed/x64-windows/vcpkg/blds/sdl2/x64-windows-rel/CMakeFiles/CMakeScratch/TryCompile-m35pqs"
      binary: "C:/Users/marce/source/repos/PortalDungeon/vcpkg_installed/x64-windows/vcpkg/blds/sdl2/x64-windows-rel/CMakeFiles/CMakeScratch/TryCompile-m35pqs"
    cmakeVariables:
      CMAKE_C_FLAGS: " /nologo /DWIN32 /D_WINDOWS /utf-8 /MP "
      CMAKE_C_FLAGS_DEBUG: "/MDd /Z7 /Ob0 /Od /RTC1 "
      CMAKE_EXE_LINKER_FLAGS: "/machine:x64"
      CMAKE_MODULE_PATH: "C:/Users/marce/source/repos/PortalDungeon/vcpkg_installed/x64-windows/vcpkg/blds/sdl2/src/ase-2.32.8-cdefe94ced.clean/cmake"
      CMAKE_MSVC_DEBUG_INFORMATION_FORMAT: ""
      CMAKE_MSVC_RUNTIME_LIBRARY: "MultiThreaded$<$<CONFIG:Debug>:Debug>$<$<STREQUAL:dynamic,dynamic>:DLL>"
      VCPKG_CHAINLOAD_TOOLCHAIN_FILE: "C:/Program Files/Microsoft Visual Studio/18/Community/VC/vcpkg/scripts/toolchains/windows.cmake"
      VCPKG_CRT_LINKAGE: "dynamic"
      VCPKG_CXX_FLAGS: ""
      VCPKG_CXX_FLAGS_DEBUG: ""
      VCPKG_CXX_FLAGS_RELEASE: ""
      VCPKG_C_FLAGS: ""
      VCPKG_C_FLAGS_DEBUG: ""
      VCPKG_C_FLAGS_RELEASE: ""
      VCPKG_INSTALLED_DIR: "C:/Users/marce/source/repos/PortalDungeon/vcpkg_installed/x64-windows"
      VCPKG_LINKER_FLAGS: ""
      VCPKG_LINKER_FLAGS_DEBUG: ""
      VCPKG_LINKER_FLAGS_RELEASE: ""
      VCPKG_PLATFORM_TOOLSET: "v145"
      VCPKG_PREFER_SYSTEM_LIBS: "OFF"
      VCPKG_SET_CHARSET_FLAG: "ON"
      VCPKG_TARGET_ARCHITECTURE: "x64"
      VCPKG_TARGET_TRIPLET: "x64-windows"
      Z_VCPKG_ROOT_DIR: "C:/Program Files/Microsoft Visual Studio/18/Community/VC/vcpkg"
    buildResult:
      variable: "HAVE_DXGI_H"
      cached: true
      stdout: |
        Change Dir: 'C:/Users/marce/source/repos/PortalDungeon/vcpkg_installed/x64-windows/vcpkg/blds/sdl2/x64-windows-rel/CMakeFiles/CMakeScratch/TryCompile-m35pqs'
        
        Run Build Command(s): C:/Users/marce/AppData/Local/vcpkg/downloads/tools/ninja/1.13.1-windows/ninja.exe -v cmTC_a170e
        [1/2] C:\\PROGRA~1\\MIB055~1\\18\\COMMUN~1\\VC\\Tools\\MSVC\\1450~1.357\\bin\\Hostx64\\x64\\cl.exe  /nologo   /nologo /DWIN32 /D_WINDOWS /utf-8 /MP   -D_GNU_SOURCE=1 /MDd /Z7 /Ob0 /Od /RTC1  -MDd /showIncludes /FoCMakeFiles\\cmTC_a170e.dir\\CheckIncludeFile.c.obj /FdCMakeFiles\\cmTC_a170e.dir\\ /FS -c C:\\Users\\marce\\source\\repos\\PortalDungeon\\vcpkg_installed\\x64-windows\\vcpkg\\blds\\sdl2\\x64-windows-rel\\CMakeFiles\\CMakeScratch\\TryCompile-m35pqs\\CheckIncludeFile.c
        [2/2] C:\\WINDOWS\\system32\\cmd.exe /C "cd . && C:\\Users\\marce\\AppData\\Local\\vcpkg\\downloads\\tools\\cmake-3.31.10-windows\\cmake-3.31.10-windows-x86_64\\bin\\cmake.exe -E vs_link_exe --msvc-ver=1950 --intdir=CMakeFiles\\cmTC_a170e.dir --rc=C:\\PROGRA~2\\WI3CF2~1\\10\\bin\\100261~1.0\\x64\\rc.exe --mt=C:\\PROGRA~2\\WI3CF2~1\\10\\bin\\100261~1.0\\x64\\mt.exe --manifests  -- C:\\PROGRA~1\\MIB055~1\\18\\COMMUN~1\\VC\\Tools\\MSVC\\1450~1.357\\bin\\Hostx64\\x64\\link.exe /nologo CMakeFiles\\cmTC_a170e.dir\\CheckIncludeFile.c.obj  /out:cmTC_a170e.exe /implib:cmTC_a170e.lib /pdb:cmTC_a170e.pdb /version:0.0 /machine:x64  /nologo    /debug /INCREMENTAL /subsystem:console  kernel32.lib user32.lib gdi32.lib winspool.lib shell32.lib ole32.lib oleaut32.lib uuid.lib comdlg32.lib advapi32.lib && cd ."
        
      exitCode: 0
  -
    kind: "try_compile-v1"
    backtrace:
      - "C:/Users/marce/AppData/Local/vcpkg/downloads/tools/cmake-3.31.10-windows/cmake-3.31.10-windows-x86_64/share/cmake-3.31/Modules/Internal/CheckSourceCompiles.cmake:108 (try_compile)"
      - "C:/Users/marce/AppData/Local/vcpkg/downloads/tools/cmake-3.31.10-windows/cmake-3.31.10-windows-x86_64/share/cmake-3.31/Modules/CheckCSourceCompiles.cmake:58 (cmake_check_source_compiles)"
      - "CMakeLists.txt:1843 (check_c_source_compiles)"
    checks:
      - "Performing Test HAVE_XINPUT_H"
    directories:
      source: "C:/Users/marce/source/repos/PortalDungeon/vcpkg_installed/x64-windows/vcpkg/blds/sdl2/x64-windows-rel/CMakeFiles/CMakeScratch/TryCompile-o4koo9"
      binary: "C:/Users/marce/source/repos/PortalDungeon/vcpkg_installed/x64-windows/vcpkg/blds/sdl2/x64-windows-rel/CMakeFiles/CMakeScratch/TryCompile-o4koo9"
    cmakeVariables:
      CMAKE_C_FLAGS: " /nologo /DWIN32 /D_WINDOWS /utf-8 /MP "
      CMAKE_C_FLAGS_DEBUG: "/MDd /Z7 /Ob0 /Od /RTC1 "
      CMAKE_EXE_LINKER_FLAGS: "/machine:x64"
      CMAKE_MODULE_PATH: "C:/Users/marce/source/repos/PortalDungeon/vcpkg_installed/x64-windows/vcpkg/blds/sdl2/src/ase-2.32.8-cdefe94ced.clean/cmake"
      CMAKE_MSVC_DEBUG_INFORMATION_FORMAT: ""
      CMAKE_MSVC_RUNTIME_LIBRARY: "MultiThreaded$<$<CONFIG:Debug>:Debug>$<$<STREQUAL:dynamic,dynamic>:DLL>"
      VCPKG_CHAINLOAD_TOOLCHAIN_FILE: "C:/Program Files/Microsoft Visual Studio/18/Community/VC/vcpkg/scripts/toolchains/windows.cmake"
      VCPKG_CRT_LINKAGE: "dynamic"
      VCPKG_CXX_FLAGS: ""
      VCPKG_CXX_FLAGS_DEBUG: ""
      VCPKG_CXX_FLAGS_RELEASE: ""
      VCPKG_C_FLAGS: ""
      VCPKG_C_FLAGS_DEBUG: ""
      VCPKG_C_FLAGS_RELEASE: ""
      VCPKG_INSTALLED_DIR: "C:/Users/marce/source/repos/PortalDungeon/vcpkg_installed/x64-windows"
      VCPKG_LINKER_FLAGS: ""
      VCPKG_LINKER_FLAGS_DEBUG: ""
      VCPKG_LINKER_FLAGS_RELEASE: ""
      VCPKG_PLATFORM_TOOLSET: "v145"
      VCPKG_PREFER_SYSTEM_LIBS: "OFF"
      VCPKG_SET_CHARSET_FLAG: "ON"
      VCPKG_TARGET_ARCHITECTURE: "x64"
      VCPKG_TARGET_TRIPLET: "x64-windows"
      Z_VCPKG_ROOT_DIR: "C:/Program Files/Microsoft Visual Studio/18/Community/VC/vcpkg"
    buildResult:
      variable: "HAVE_XINPUT_H"
      cached: true
      stdout: |
        Change Dir: 'C:/Users/marce/source/repos/PortalDungeon/vcpkg_installed/x64-windows/vcpkg/blds/sdl2/x64-windows-rel/CMakeFiles/CMakeScratch/TryCompile-o4koo9'
        
        Run Build Command(s): C:/Users/marce/AppData/Local/vcpkg/downloads/tools/ninja/1.13.1-windows/ninja.exe -v cmTC_68b4b
        [1/2] C:\\PROGRA~1\\MIB055~1\\18\\COMMUN~1\\VC\\Tools\\MSVC\\1450~1.357\\bin\\Hostx64\\x64\\cl.exe  /nologo -DHAVE_XINPUT_H  /nologo /DWIN32 /D_WINDOWS /utf-8 /MP   -D_GNU_SOURCE=1 /MDd /Z7 /Ob0 /Od /RTC1  -MDd /showIncludes /FoCMakeFiles\\cmTC_68b4b.dir\\src.c.obj /FdCMakeFiles\\cmTC_68b4b.dir\\ /FS -c C:\\Users\\marce\\source\\repos\\PortalDungeon\\vcpkg_installed\\x64-windows\\vcpkg\\blds\\sdl2\\x64-windows-rel\\CMakeFiles\\CMakeScratch\\TryCompile-o4koo9\\src.c
        [2/2] C:\\WINDOWS\\system32\\cmd.exe /C "cd . && C:\\Users\\marce\\AppData\\Local\\vcpkg\\downloads\\tools\\cmake-3.31.10-windows\\cmake-3.31.10-windows-x86_64\\bin\\cmake.exe -E vs_link_exe --msvc-ver=1950 --intdir=CMakeFiles\\cmTC_68b4b.dir --rc=C:\\PROGRA~2\\WI3CF2~1\\10\\bin\\100261~1.0\\x64\\rc.exe --mt=C:\\PROGRA~2\\WI3CF2~1\\10\\bin\\100261~1.0\\x64\\mt.exe --manifests  -- C:\\PROGRA~1\\MIB055~1\\18\\COMMUN~1\\VC\\Tools\\MSVC\\1450~1.357\\bin\\Hostx64\\x64\\link.exe /nologo CMakeFiles\\cmTC_68b4b.dir\\src.c.obj  /out:cmTC_68b4b.exe /implib:cmTC_68b4b.lib /pdb:cmTC_68b4b.pdb /version:0.0 /machine:x64  /nologo    /debug /INCREMENTAL /subsystem:console  kernel32.lib user32.lib gdi32.lib winspool.lib shell32.lib ole32.lib oleaut32.lib uuid.lib comdlg32.lib advapi32.lib && cd ."
        
      exitCode: 0
  -
    kind: "try_compile-v1"
    backtrace:
      - "C:/Users/marce/AppData/Local/vcpkg/downloads/tools/cmake-3.31.10-windows/cmake-3.31.10-windows-x86_64/share/cmake-3.31/Modules/Internal/CheckSourceCompiles.cmake:108 (try_compile)"
      - "C:/Users/marce/AppData/Local/vcpkg/downloads/tools/cmake-3.31.10-windows/cmake-3.31.10-windows-x86_64/share/cmake-3.31/Modules/CheckCSourceCompiles.cmake:58 (cmake_check_source_compiles)"
      - "CMakeLists.txt:1847 (check_c_source_compiles)"
    checks:
      - "Performing Test HAVE_WINDOWS_GAMING_INPUT_H"
    directories:
      source: "C:/Users/marce/source/repos/PortalDungeon/vcpkg_installed/x64-windows/vcpkg/blds/sdl2/x64-windows-rel/CMakeFiles/CMakeScratch/TryCompile-rkj73e"
      binary: "C:/Users/marce/source/repos/PortalDungeon/vcpkg_installed/x64-windows/vcpkg/blds/sdl2/x64-windows-rel/CMakeFiles/CMakeScratch/TryCompile-rkj73e"
    cmakeVariables:
      CMAKE_C_FLAGS: " /nologo /DWIN32 /D_WINDOWS /utf-8 /MP "
      CMAKE_C_FLAGS_DEBUG: "/MDd /Z7 /Ob0 /Od /RTC1 "
      CMAKE_EXE_LINKER_FLAGS: "/machine:x64"
      CMAKE_MODULE_PATH: "C:/Users/marce/source/repos/PortalDungeon/vcpkg_installed/x64-windows/vcpkg/blds/sdl2/src/ase-2.32.8-cdefe94ced.clean/cmake"
      CMAKE_MSVC_DEBUG_INFORMATION_FORMAT: ""
      CMAKE_MSVC_RUNTIME_LIBRARY: "MultiThreaded$<$<CONFIG:Debug>:Debug>$<$<STREQUAL:dynamic,dynamic>:DLL>"
      VCPKG_CHAINLOAD_TOOLCHAIN_FILE: "C:/Program Files/Microsoft Visual Studio/18/Community/VC/vcpkg/scripts/toolchains/windows.cmake"
      VCPKG_CRT_LINKAGE: "dynamic"
      VCPKG_CXX_FLAGS: ""
      VCPKG_CXX_FLAGS_DEBUG: ""
      VCPKG_CXX_FLAGS_RELEASE: ""
      VCPKG_C_FLAGS: ""
      VCPKG_C_FLAGS_DEBUG: ""
      VCPKG_C_FLAGS_RELEASE: ""
      VCPKG_INSTALLED_DIR: "C:/Users/marce/source/repos/PortalDungeon/vcpkg_installed/x64-windows"
      VCPKG_LINKER_FLAGS: ""
      VCPKG_LINKER_FLAGS_DEBUG: ""
      VCPKG_LINKER_FLAGS_RELEASE: ""
      VCPKG_PLATFORM_TOOLSET: "v145"
      VCPKG_PREFER_SYSTEM_LIBS: "OFF"
      VCPKG_SET_CHARSET_FLAG: "ON"
      VCPKG_TARGET_ARCHITECTURE: "x64"
      VCPKG_TARGET_TRIPLET: "x64-windows"
      Z_VCPKG_ROOT_DIR: "C:/Program Files/Microsoft Visual Studio/18/Community/VC/vcpkg"
    buildResult:
      variable: "HAVE_WINDOWS_GAMING_INPUT_H"
      cached: true
      stdout: |
        Change Dir: 'C:/Users/marce/source/repos/PortalDungeon/vcpkg_installed/x64-windows/vcpkg/blds/sdl2/x64-windows-rel/CMakeFiles/CMakeScratch/TryCompile-rkj73e'
        
        Run Build Command(s): C:/Users/marce/AppData/Local/vcpkg/downloads/tools/ninja/1.13.1-windows/ninja.exe -v cmTC_c2cd8
        [1/2] C:\\PROGRA~1\\MIB055~1\\18\\COMMUN~1\\VC\\Tools\\MSVC\\1450~1.357\\bin\\Hostx64\\x64\\cl.exe  /nologo -DHAVE_WINDOWS_GAMING_INPUT_H  /nologo /DWIN32 /D_WINDOWS /utf-8 /MP   -D_GNU_SOURCE=1 /MDd /Z7 /Ob0 /Od /RTC1  -MDd /showIncludes /FoCMakeFiles\\cmTC_c2cd8.dir\\src.c.obj /FdCMakeFiles\\cmTC_c2cd8.dir\\ /FS -c C:\\Users\\marce\\source\\repos\\PortalDungeon\\vcpkg_installed\\x64-windows\\vcpkg\\blds\\sdl2\\x64-windows-rel\\CMakeFiles\\CMakeScratch\\TryCompile-rkj73e\\src.c
        [2/2] C:\\WINDOWS\\system32\\cmd.exe /C "cd . && C:\\Users\\marce\\AppData\\Local\\vcpkg\\downloads\\tools\\cmake-3.31.10-windows\\cmake-3.31.10-windows-x86_64\\bin\\cmake.exe -E vs_link_exe --msvc-ver=1950 --intdir=CMakeFiles\\cmTC_c2cd8.dir --rc=C:\\PROGRA~2\\WI3CF2~1\\10\\bin\\100261~1.0\\x64\\rc.exe --mt=C:\\PROGRA~2\\WI3CF2~1\\10\\bin\\100261~1.0\\x64\\mt.exe --manifests  -- C:\\PROGRA~1\\MIB055~1\\18\\COMMUN~1\\VC\\Tools\\MSVC\\1450~1.357\\bin\\Hostx64\\x64\\link.exe /nologo CMakeFiles\\cmTC_c2cd8.dir\\src.c.obj  /out:cmTC_c2cd8.exe /implib:cmTC_c2cd8.lib /pdb:cmTC_c2cd8.pdb /version:0.0 /machine:x64  /nologo    /debug /INCREMENTAL /subsystem:console  kernel32.lib user32.lib gdi32.lib winspool.lib shell32.lib ole32.lib oleaut32.lib uuid.lib comdlg32.lib advapi32.lib && cd ."
        
      exitCode: 0
  -
    kind: "try_compile-v1"
    backtrace:
      - "C:/Users/marce/AppData/Local/vcpkg/downloads/tools/cmake-3.31.10-windows/cmake-3.31.10-windows-x86_64/share/cmake-3.31/Modules/CheckIncludeFile.cmake:99 (try_compile)"
      - "CMakeLists.txt:1855 (check_include_file)"
    checks:
      - "Looking for tpcshrd.h"
    directories:
      source: "C:/Users/marce/source/repos/PortalDungeon/vcpkg_installed/x64-windows/vcpkg/blds/sdl2/x64-windows-rel/CMakeFiles/CMakeScratch/TryCompile-0gsbno"
      binary: "C:/Users/marce/source/repos/PortalDungeon/vcpkg_installed/x64-windows/vcpkg/blds/sdl2/x64-windows-rel/CMakeFiles/CMakeScratch/TryCompile-0gsbno"
    cmakeVariables:
      CMAKE_C_FLAGS: " /nologo /DWIN32 /D_WINDOWS /utf-8 /MP "
      CMAKE_C_FLAGS_DEBUG: "/MDd /Z7 /Ob0 /Od /RTC1 "
      CMAKE_EXE_LINKER_FLAGS: "/machine:x64"
      CMAKE_MODULE_PATH: "C:/Users/marce/source/repos/PortalDungeon/vcpkg_installed/x64-windows/vcpkg/blds/sdl2/src/ase-2.32.8-cdefe94ced.clean/cmake"
      CMAKE_MSVC_DEBUG_INFORMATION_FORMAT: ""
      CMAKE_MSVC_RUNTIME_LIBRARY: "MultiThreaded$<$<CONFIG:Debug>:Debug>$<$<STREQUAL:dynamic,dynamic>:DLL>"
      VCPKG_CHAINLOAD_TOOLCHAIN_FILE: "C:/Program Files/Microsoft Visual Studio/18/Community/VC/vcpkg/scripts/toolchains/windows.cmake"
      VCPKG_CRT_LINKAGE: "dynamic"
      VCPKG_CXX_FLAGS: ""
      VCPKG_CXX_FLAGS_DEBUG: ""
      VCPKG_CXX_FLAGS_RELEASE: ""
      VCPKG_C_FLAGS: ""
      VCPKG_C_FLAGS_DEBUG: ""
      VCPKG_C_FLAGS_RELEASE: ""
      VCPKG_INSTALLED_DIR: "C:/Users/marce/source/repos/PortalDungeon/vcpkg_installed/x64-windows"
      VCPKG_LINKER_FLAGS: ""
      VCPKG_LINKER_FLAGS_DEBUG: ""
      VCPKG_LINKER_FLAGS_RELEASE: ""
      VCPKG_PLATFORM_TOOLSET: "v145"
      VCPKG_PREFER_SYSTEM_LIBS: "OFF"
      VCPKG_SET_CHARSET_FLAG: "ON"
      VCPKG_TARGET_ARCHITECTURE: "x64"
      VCPKG_TARGET_TRIPLET: "x64-windows"
      Z_VCPKG_ROOT_DIR: "C:/Program Files/Microsoft Visual Studio/18/Community/VC/vcpkg"
    buildResult:
      variable: "HAVE_TPCSHRD_H"
      cached: true
      stdout: |
        Change Dir: 'C:/Users/marce/source/repos/PortalDungeon/vcpkg_installed/x64-windows/vcpkg/blds/sdl2/x64-windows-rel/CMakeFiles/CMakeScratch/TryCompile-0gsbno'
        
        Run Build Command(s): C:/Users/marce/AppData/Local/vcpkg/downloads/tools/ninja/1.13.1-windows/ninja.exe -v cmTC_aead3
        [1/2] C:\\PROGRA~1\\MIB055~1\\18\\COMMUN~1\\VC\\Tools\\MSVC\\1450~1.357\\bin\\Hostx64\\x64\\cl.exe  /nologo   /nologo /DWIN32 /D_WINDOWS /utf-8 /MP   -D_GNU_SOURCE=1 /MDd /Z7 /Ob0 /Od /RTC1  -MDd /showIncludes /FoCMakeFiles\\cmTC_aead3.dir\\CheckIncludeFile.c.obj /FdCMakeFiles\\cmTC_aead3.dir\\ /FS -c C:\\Users\\marce\\source\\repos\\PortalDungeon\\vcpkg_installed\\x64-windows\\vcpkg\\blds\\sdl2\\x64-windows-rel\\CMakeFiles\\CMakeScratch\\TryCompile-0gsbno\\CheckIncludeFile.c
        [2/2] C:\\WINDOWS\\system32\\cmd.exe /C "cd . && C:\\Users\\marce\\AppData\\Local\\vcpkg\\downloads\\tools\\cmake-3.31.10-windows\\cmake-3.31.10-windows-x86_64\\bin\\cmake.exe -E vs_link_exe --msvc-ver=1950 --intdir=CMakeFiles\\cmTC_aead3.dir --rc=C:\\PROGRA~2\\WI3CF2~1\\10\\bin\\100261~1.0\\x64\\rc.exe --mt=C:\\PROGRA~2\\WI3CF2~1\\10\\bin\\100261~1.0\\x64\\mt.exe --manifests  -- C:\\PROGRA~1\\MIB055~1\\18\\COMMUN~1\\VC\\Tools\\MSVC\\1450~1.357\\bin\\Hostx64\\x64\\link.exe /nologo CMakeFiles\\cmTC_aead3.dir\\CheckIncludeFile.c.obj  /out:cmTC_aead3.exe /implib:cmTC_aead3.lib /pdb:cmTC_aead3.pdb /version:0.0 /machine:x64  /nologo    /debug /INCREMENTAL /subsystem:console  kernel32.lib user32.lib gdi32.lib winspool.lib shell32.lib ole32.lib oleaut32.lib uuid.lib comdlg32.lib advapi32.lib && cd ."
        
      exitCode: 0
  -
    kind: "try_compile-v1"
    backtrace:
      - "C:/Users/marce/AppData/Local/vcpkg/downloads/tools/cmake-3.31.10-windows/cmake-3.31.10-windows-x86_64/share/cmake-3.31/Modules/CheckIncludeFile.cmake:99 (try_compile)"
      - "CMakeLists.txt:1856 (check_include_file)"
    checks:
      - "Looking for roapi.h"
    directories:
      source: "C:/Users/marce/source/repos/PortalDungeon/vcpkg_installed/x64-windows/vcpkg/blds/sdl2/x64-windows-rel/CMakeFiles/CMakeScratch/TryCompile-o2kafc"
      binary: "C:/Users/marce/source/repos/PortalDungeon/vcpkg_installed/x64-windows/vcpkg/blds/sdl2/x64-windows-rel/CMakeFiles/CMakeScratch/TryCompile-o2kafc"
    cmakeVariables:
      CMAKE_C_FLAGS: " /nologo /DWIN32 /D_WINDOWS /utf-8 /MP "
      CMAKE_C_FLAGS_DEBUG: "/MDd /Z7 /Ob0 /Od /RTC1 "
      CMAKE_EXE_LINKER_FLAGS: "/machine:x64"
      CMAKE_MODULE_PATH: "C:/Users/marce/source/repos/PortalDungeon/vcpkg_installed/x64-windows/vcpkg/blds/sdl2/src/ase-2.32.8-cdefe94ced.clean/cmake"
      CMAKE_MSVC_DEBUG_INFORMATION_FORMAT: ""
      CMAKE_MSVC_RUNTIME_LIBRARY: "MultiThreaded$<$<CONFIG:Debug>:Debug>$<$<STREQUAL:dynamic,dynamic>:DLL>"
      VCPKG_CHAINLOAD_TOOLCHAIN_FILE: "C:/Program Files/Microsoft Visual Studio/18/Community/VC/vcpkg/scripts/toolchains/windows.cmake"
      VCPKG_CRT_LINKAGE: "dynamic"
      VCPKG_CXX_FLAGS: ""
      VCPKG_CXX_FLAGS_DEBUG: ""
      VCPKG_CXX_FLAGS_RELEASE: ""
      VCPKG_C_FLAGS: ""
      VCPKG_C_FLAGS_DEBUG: ""
      VCPKG_C_FLAGS_RELEASE: ""
      VCPKG_INSTALLED_DIR: "C:/Users/marce/source/repos/PortalDungeon/vcpkg_installed/x64-windows"
      VCPKG_LINKER_FLAGS: ""
      VCPKG_LINKER_FLAGS_DEBUG: ""
      VCPKG_LINKER_FLAGS_RELEASE: ""
      VCPKG_PLATFORM_TOOLSET: "v145"
      VCPKG_PREFER_SYSTEM_LIBS: "OFF"
      VCPKG_SET_CHARSET_FLAG: "ON"
      VCPKG_TARGET_ARCHITECTURE: "x64"
      VCPKG_TARGET_TRIPLET: "x64-windows"
      Z_VCPKG_ROOT_DIR: "C:/Program Files/Microsoft Visual Studio/18/Community/VC/vcpkg"
    buildResult:
      variable: "HAVE_ROAPI_H"
      cached: true
      stdout: |
        Change Dir: 'C:/Users/marce/source/repos/PortalDungeon/vcpkg_installed/x64-windows/vcpkg/blds/sdl2/x64-windows-rel/CMakeFiles/CMakeScratch/TryCompile-o2kafc'
        
        Run Build Command(s): C:/Users/marce/AppData/Local/vcpkg/downloads/tools/ninja/1.13.1-windows/ninja.exe -v cmTC_64f3f
        [1/2] C:\\PROGRA~1\\MIB055~1\\18\\COMMUN~1\\VC\\Tools\\MSVC\\1450~1.357\\bin\\Hostx64\\x64\\cl.exe  /nologo   /nologo /DWIN32 /D_WINDOWS /utf-8 /MP   -D_GNU_SOURCE=1 /MDd /Z7 /Ob0 /Od /RTC1  -MDd /showIncludes /FoCMakeFiles\\cmTC_64f3f.dir\\CheckIncludeFile.c.obj /FdCMakeFiles\\cmTC_64f3f.dir\\ /FS -c C:\\Users\\marce\\source\\repos\\PortalDungeon\\vcpkg_installed\\x64-windows\\vcpkg\\blds\\sdl2\\x64-windows-rel\\CMakeFiles\\CMakeScratch\\TryCompile-o2kafc\\CheckIncludeFile.c
        [2/2] C:\\WINDOWS\\system32\\cmd.exe /C "cd . && C:\\Users\\marce\\AppData\\Local\\vcpkg\\downloads\\tools\\cmake-3.31.10-windows\\cmake-3.31.10-windows-x86_64\\bin\\cmake.exe -E vs_link_exe --msvc-ver=1950 --intdir=CMakeFiles\\cmTC_64f3f.dir --rc=C:\\PROGRA~2\\WI3CF2~1\\10\\bin\\100261~1.0\\x64\\rc.exe --mt=C:\\PROGRA~2\\WI3CF2~1\\10\\bin\\100261~1.0\\x64\\mt.exe --manifests  -- C:\\PROGRA~1\\MIB055~1\\18\\COMMUN~1\\VC\\Tools\\MSVC\\1450~1.357\\bin\\Hostx64\\x64\\link.exe /nologo CMakeFiles\\cmTC_64f3f.dir\\CheckIncludeFile.c.obj  /out:cmTC_64f3f.exe /implib:cmTC_64f3f.lib /pdb:cmTC_64f3f.pdb /version:0.0 /machine:x64  /nologo    /debug /INCREMENTAL /subsystem:console  kernel32.lib user32.lib gdi32.lib winspool.lib shell32.lib ole32.lib oleaut32.lib uuid.lib comdlg32.lib advapi32.lib && cd ."
        
      exitCode: 0
  -
    kind: "try_compile-v1"
    backtrace:
      - "C:/Users/marce/AppData/Local/vcpkg/downloads/tools/cmake-3.31.10-windows/cmake-3.31.10-windows-x86_64/share/cmake-3.31/Modules/CheckIncludeFile.cmake:99 (try_compile)"
      - "CMakeLists.txt:1857 (check_include_file)"
    checks:
      - "Looking for mmdeviceapi.h"
    directories:
      source: "C:/Users/marce/source/repos/PortalDungeon/vcpkg_installed/x64-windows/vcpkg/blds/sdl2/x64-windows-rel/CMakeFiles/CMakeScratch/TryCompile-oeixpo"
      binary: "C:/Users/marce/source/repos/PortalDungeon/vcpkg_installed/x64-windows/vcpkg/blds/sdl2/x64-windows-rel/CMakeFiles/CMakeScratch/TryCompile-oeixpo"
    cmakeVariables:
      CMAKE_C_FLAGS: " /nologo /DWIN32 /D_WINDOWS /utf-8 /MP "
      CMAKE_C_FLAGS_DEBUG: "/MDd /Z7 /Ob0 /Od /RTC1 "
      CMAKE_EXE_LINKER_FLAGS: "/machine:x64"
      CMAKE_MODULE_PATH: "C:/Users/marce/source/repos/PortalDungeon/vcpkg_installed/x64-windows/vcpkg/blds/sdl2/src/ase-2.32.8-cdefe94ced.clean/cmake"
      CMAKE_MSVC_DEBUG_INFORMATION_FORMAT: ""
      CMAKE_MSVC_RUNTIME_LIBRARY: "MultiThreaded$<$<CONFIG:Debug>:Debug>$<$<STREQUAL:dynamic,dynamic>:DLL>"
      VCPKG_CHAINLOAD_TOOLCHAIN_FILE: "C:/Program Files/Microsoft Visual Studio/18/Community/VC/vcpkg/scripts/toolchains/windows.cmake"
      VCPKG_CRT_LINKAGE: "dynamic"
      VCPKG_CXX_FLAGS: ""
      VCPKG_CXX_FLAGS_DEBUG: ""
      VCPKG_CXX_FLAGS_RELEASE: ""
      VCPKG_C_FLAGS: ""
      VCPKG_C_FLAGS_DEBUG: ""
      VCPKG_C_FLAGS_RELEASE: ""
      VCPKG_INSTALLED_DIR: "C:/Users/marce/source/repos/PortalDungeon/vcpkg_installed/x64-windows"
      VCPKG_LINKER_FLAGS: ""
      VCPKG_LINKER_FLAGS_DEBUG: ""
      VCPKG_LINKER_FLAGS_RELEASE: ""
      VCPKG_PLATFORM_TOOLSET: "v145"
      VCPKG_PREFER_SYSTEM_LIBS: "OFF"
      VCPKG_SET_CHARSET_FLAG: "ON"
      VCPKG_TARGET_ARCHITECTURE: "x64"
      VCPKG_TARGET_TRIPLET: "x64-windows"
      Z_VCPKG_ROOT_DIR: "C:/Program Files/Microsoft Visual Studio/18/Community/VC/vcpkg"
    buildResult:
      variable: "HAVE_MMDEVICEAPI_H"
      cached: true
      stdout: |
        Change Dir: 'C:/Users/marce/source/repos/PortalDungeon/vcpkg_installed/x64-windows/vcpkg/blds/sdl2/x64-windows-rel/CMakeFiles/CMakeScratch/TryCompile-oeixpo'
        
        Run Build Command(s): C:/Users/marce/AppData/Local/vcpkg/downloads/tools/ninja/1.13.1-windows/ninja.exe -v cmTC_809df
        [1/2] C:\\PROGRA~1\\MIB055~1\\18\\COMMUN~1\\VC\\Tools\\MSVC\\1450~1.357\\bin\\Hostx64\\x64\\cl.exe  /nologo   /nologo /DWIN32 /D_WINDOWS /utf-8 /MP   -D_GNU_SOURCE=1 /MDd /Z7 /Ob0 /Od /RTC1  -MDd /showIncludes /FoCMakeFiles\\cmTC_809df.dir\\CheckIncludeFile.c.obj /FdCMakeFiles\\cmTC_809df.dir\\ /FS -c C:\\Users\\marce\\source\\repos\\PortalDungeon\\vcpkg_installed\\x64-windows\\vcpkg\\blds\\sdl2\\x64-windows-rel\\CMakeFiles\\CMakeScratch\\TryCompile-oeixpo\\CheckIncludeFile.c
        [2/2] C:\\WINDOWS\\system32\\cmd.exe /C "cd . && C:\\Users\\marce\\AppData\\Local\\vcpkg\\downloads\\tools\\cmake-3.31.10-windows\\cmake-3.31.10-windows-x86_64\\bin\\cmake.exe -E vs_link_exe --msvc-ver=1950 --intdir=CMakeFiles\\cmTC_809df.dir --rc=C:\\PROGRA~2\\WI3CF2~1\\10\\bin\\100261~1.0\\x64\\rc.exe --mt=C:\\PROGRA~2\\WI3CF2~1\\10\\bin\\100261~1.0\\x64\\mt.exe --manifests  -- C:\\PROGRA~1\\MIB055~1\\18\\COMMUN~1\\VC\\Tools\\MSVC\\1450~1.357\\bin\\Hostx64\\x64\\link.exe /nologo CMakeFiles\\cmTC_809df.dir\\CheckIncludeFile.c.obj  /out:cmTC_809df.exe /implib:cmTC_809df.lib /pdb:cmTC_809df.pdb /version:0.0 /machine:x64  /nologo    /debug /INCREMENTAL /subsystem:console  kernel32.lib user32.lib gdi32.lib winspool.lib shell32.lib ole32.lib oleaut32.lib uuid.lib comdlg32.lib advapi32.lib && cd ."
        
      exitCode: 0
  -
    kind: "try_compile-v1"
    backtrace:
      - "C:/Users/marce/AppData/Local/vcpkg/downloads/tools/cmake-3.31.10-windows/cmake-3.31.10-windows-x86_64/share/cmake-3.31/Modules/CheckIncludeFile.cmake:99 (try_compile)"
      - "CMakeLists.txt:1858 (check_include_file)"
    checks:
      - "Looking for audioclient.h"
    directories:
      source: "C:/Users/marce/source/repos/PortalDungeon/vcpkg_installed/x64-windows/vcpkg/blds/sdl2/x64-windows-rel/CMakeFiles/CMakeScratch/TryCompile-27xfd3"
      binary: "C:/Users/marce/source/repos/PortalDungeon/vcpkg_installed/x64-windows/vcpkg/blds/sdl2/x64-windows-rel/CMakeFiles/CMakeScratch/TryCompile-27xfd3"
    cmakeVariables:
      CMAKE_C_FLAGS: " /nologo /DWIN32 /D_WINDOWS /utf-8 /MP "
      CMAKE_C_FLAGS_DEBUG: "/MDd /Z7 /Ob0 /Od /RTC1 "
      CMAKE_EXE_LINKER_FLAGS: "/machine:x64"
      CMAKE_MODULE_PATH: "C:/Users/marce/source/repos/PortalDungeon/vcpkg_installed/x64-windows/vcpkg/blds/sdl2/src/ase-2.32.8-cdefe94ced.clean/cmake"
      CMAKE_MSVC_DEBUG_INFORMATION_FORMAT: ""
      CMAKE_MSVC_RUNTIME_LIBRARY: "MultiThreaded$<$<CONFIG:Debug>:Debug>$<$<STREQUAL:dynamic,dynamic>:DLL>"
      VCPKG_CHAINLOAD_TOOLCHAIN_FILE: "C:/Program Files/Microsoft Visual Studio/18/Community/VC/vcpkg/scripts/toolchains/windows.cmake"
      VCPKG_CRT_LINKAGE: "dynamic"
      VCPKG_CXX_FLAGS: ""
      VCPKG_CXX_FLAGS_DEBUG: ""
      VCPKG_CXX_FLAGS_RELEASE: ""
      VCPKG_C_FLAGS: ""
      VCPKG_C_FLAGS_DEBUG: ""
      VCPKG_C_FLAGS_RELEASE: ""
      VCPKG_INSTALLED_DIR: "C:/Users/marce/source/repos/PortalDungeon/vcpkg_installed/x64-windows"
      VCPKG_LINKER_FLAGS: ""
      VCPKG_LINKER_FLAGS_DEBUG: ""
      VCPKG_LINKER_FLAGS_RELEASE: ""
      VCPKG_PLATFORM_TOOLSET: "v145"
      VCPKG_PREFER_SYSTEM_LIBS: "OFF"
      VCPKG_SET_CHARSET_FLAG: "ON"
      VCPKG_TARGET_ARCHITECTURE: "x64"
      VCPKG_TARGET_TRIPLET: "x64-windows"
      Z_VCPKG_ROOT_DIR: "C:/Program Files/Microsoft Visual Studio/18/Community/VC/vcpkg"
    buildResult:
      variable: "HAVE_AUDIOCLIENT_H"
      cached: true
      stdout: |
        Change Dir: 'C:/Users/marce/source/repos/PortalDungeon/vcpkg_installed/x64-windows/vcpkg/blds/sdl2/x64-windows-rel/CMakeFiles/CMakeScratch/TryCompile-27xfd3'
        
        Run Build Command(s): C:/Users/marce/AppData/Local/vcpkg/downloads/tools/ninja/1.13.1-windows/ninja.exe -v cmTC_16549
        [1/2] C:\\PROGRA~1\\MIB055~1\\18\\COMMUN~1\\VC\\Tools\\MSVC\\1450~1.357\\bin\\Hostx64\\x64\\cl.exe  /nologo   /nologo /DWIN32 /D_WINDOWS /utf-8 /MP   -D_GNU_SOURCE=1 /MDd /Z7 /Ob0 /Od /RTC1  -MDd /showIncludes /FoCMakeFiles\\cmTC_16549.dir\\CheckIncludeFile.c.obj /FdCMakeFiles\\cmTC_16549.dir\\ /FS -c C:\\Users\\marce\\source\\repos\\PortalDungeon\\vcpkg_installed\\x64-windows\\vcpkg\\blds\\sdl2\\x64-windows-rel\\CMakeFiles\\CMakeScratch\\TryCompile-27xfd3\\CheckIncludeFile.c
        [2/2] C:\\WINDOWS\\system32\\cmd.exe /C "cd . && C:\\Users\\marce\\AppData\\Local\\vcpkg\\downloads\\tools\\cmake-3.31.10-windows\\cmake-3.31.10-windows-x86_64\\bin\\cmake.exe -E vs_link_exe --msvc-ver=1950 --intdir=CMakeFiles\\cmTC_16549.dir --rc=C:\\PROGRA~2\\WI3CF2~1\\10\\bin\\100261~1.0\\x64\\rc.exe --mt=C:\\PROGRA~2\\WI3CF2~1\\10\\bin\\100261~1.0\\x64\\mt.exe --manifests  -- C:\\PROGRA~1\\MIB055~1\\18\\COMMUN~1\\VC\\Tools\\MSVC\\1450~1.357\\bin\\Hostx64\\x64\\link.exe /nologo CMakeFiles\\cmTC_16549.dir\\CheckIncludeFile.c.obj  /out:cmTC_16549.exe /implib:cmTC_16549.lib /pdb:cmTC_16549.pdb /version:0.0 /machine:x64  /nologo    /debug /INCREMENTAL /subsystem:console  kernel32.lib user32.lib gdi32.lib winspool.lib shell32.lib ole32.lib oleaut32.lib uuid.lib comdlg32.lib advapi32.lib && cd ."
        
      exitCode: 0
  -
    kind: "try_compile-v1"
    backtrace:
      - "C:/Users/marce/AppData/Local/vcpkg/downloads/tools/cmake-3.31.10-windows/cmake-3.31.10-windows-x86_64/share/cmake-3.31/Modules/CheckIncludeFile.cmake:99 (try_compile)"
      - "CMakeLists.txt:1859 (check_include_file)"
    checks:
      - "Looking for sensorsapi.h"
    directories:
      source: "C:/Users/marce/source/repos/PortalDungeon/vcpkg_installed/x64-windows/vcpkg/blds/sdl2/x64-windows-rel/CMakeFiles/CMakeScratch/TryCompile-g17wv3"
      binary: "C:/Users/marce/source/repos/PortalDungeon/vcpkg_installed/x64-windows/vcpkg/blds/sdl2/x64-windows-rel/CMakeFiles/CMakeScratch/TryCompile-g17wv3"
    cmakeVariables:
      CMAKE_C_FLAGS: " /nologo /DWIN32 /D_WINDOWS /utf-8 /MP "
      CMAKE_C_FLAGS_DEBUG: "/MDd /Z7 /Ob0 /Od /RTC1 "
      CMAKE_EXE_LINKER_FLAGS: "/machine:x64"
      CMAKE_MODULE_PATH: "C:/Users/marce/source/repos/PortalDungeon/vcpkg_installed/x64-windows/vcpkg/blds/sdl2/src/ase-2.32.8-cdefe94ced.clean/cmake"
      CMAKE_MSVC_DEBUG_INFORMATION_FORMAT: ""
      CMAKE_MSVC_RUNTIME_LIBRARY: "MultiThreaded$<$<CONFIG:Debug>:Debug>$<$<STREQUAL:dynamic,dynamic>:DLL>"
      VCPKG_CHAINLOAD_TOOLCHAIN_FILE: "C:/Program Files/Microsoft Visual Studio/18/Community/VC/vcpkg/scripts/toolchains/windows.cmake"
      VCPKG_CRT_LINKAGE: "dynamic"
      VCPKG_CXX_FLAGS: ""
      VCPKG_CXX_FLAGS_DEBUG: ""
      VCPKG_CXX_FLAGS_RELEASE: ""
      VCPKG_C_FLAGS: ""
      VCPKG_C_FLAGS_DEBUG: ""
      VCPKG_C_FLAGS_RELEASE: ""
      VCPKG_INSTALLED_DIR: "C:/Users/marce/source/repos/PortalDungeon/vcpkg_installed/x64-windows"
      VCPKG_LINKER_FLAGS: ""
      VCPKG_LINKER_FLAGS_DEBUG: ""
      VCPKG_LINKER_FLAGS_RELEASE: ""
      VCPKG_PLATFORM_TOOLSET: "v145"
      VCPKG_PREFER_SYSTEM_LIBS: "OFF"
      VCPKG_SET_CHARSET_FLAG: "ON"
      VCPKG_TARGET_ARCHITECTURE: "x64"
      VCPKG_TARGET_TRIPLET: "x64-windows"
      Z_VCPKG_ROOT_DIR: "C:/Program Files/Microsoft Visual Studio/18/Community/VC/vcpkg"
    buildResult:
      variable: "HAVE_SENSORSAPI_H"
      cached: true
      stdout: |
        Change Dir: 'C:/Users/marce/source/repos/PortalDungeon/vcpkg_installed/x64-windows/vcpkg/blds/sdl2/x64-windows-rel/CMakeFiles/CMakeScratch/TryCompile-g17wv3'
        
        Run Build Command(s): C:/Users/marce/AppData/Local/vcpkg/downloads/tools/ninja/1.13.1-windows/ninja.exe -v cmTC_81140
        [1/2] C:\\PROGRA~1\\MIB055~1\\18\\COMMUN~1\\VC\\Tools\\MSVC\\1450~1.357\\bin\\Hostx64\\x64\\cl.exe  /nologo   /nologo /DWIN32 /D_WINDOWS /utf-8 /MP   -D_GNU_SOURCE=1 /MDd /Z7 /Ob0 /Od /RTC1  -MDd /showIncludes /FoCMakeFiles\\cmTC_81140.dir\\CheckIncludeFile.c.obj /FdCMakeFiles\\cmTC_81140.dir\\ /FS -c C:\\Users\\marce\\source\\repos\\PortalDungeon\\vcpkg_installed\\x64-windows\\vcpkg\\blds\\sdl2\\x64-windows-rel\\CMakeFiles\\CMakeScratch\\TryCompile-g17wv3\\CheckIncludeFile.c
        [2/2] C:\\WINDOWS\\system32\\cmd.exe /C "cd . && C:\\Users\\marce\\AppData\\Local\\vcpkg\\downloads\\tools\\cmake-3.31.10-windows\\cmake-3.31.10-windows-x86_64\\bin\\cmake.exe -E vs_link_exe --msvc-ver=1950 --intdir=CMakeFiles\\cmTC_81140.dir --rc=C:\\PROGRA~2\\WI3CF2~1\\10\\bin\\100261~1.0\\x64\\rc.exe --mt=C:\\PROGRA~2\\WI3CF2~1\\10\\bin\\100261~1.0\\x64\\mt.exe --manifests  -- C:\\PROGRA~1\\MIB055~1\\18\\COMMUN~1\\VC\\Tools\\MSVC\\1450~1.357\\bin\\Hostx64\\x64\\link.exe /nologo CMakeFiles\\cmTC_81140.dir\\CheckIncludeFile.c.obj  /out:cmTC_81140.exe /implib:cmTC_81140.lib /pdb:cmTC_81140.pdb /version:0.0 /machine:x64  /nologo    /debug /INCREMENTAL /subsystem:console  kernel32.lib user32.lib gdi32.lib winspool.lib shell32.lib ole32.lib oleaut32.lib uuid.lib comdlg32.lib advapi32.lib && cd ."
        
      exitCode: 0
  -
    kind: "try_compile-v1"
    backtrace:
      - "C:/Users/marce/AppData/Local/vcpkg/downloads/tools/cmake-3.31.10-windows/cmake-3.31.10-windows-x86_64/share/cmake-3.31/Modules/CheckIncludeFile.cmake:99 (try_compile)"
      - "CMakeLists.txt:1860 (check_include_file)"
    checks:
      - "Looking for shellscalingapi.h"
    directories:
      source: "C:/Users/marce/source/repos/PortalDungeon/vcpkg_installed/x64-windows/vcpkg/blds/sdl2/x64-windows-rel/CMakeFiles/CMakeScratch/TryCompile-3ymkpr"
      binary: "C:/Users/marce/source/repos/PortalDungeon/vcpkg_installed/x64-windows/vcpkg/blds/sdl2/x64-windows-rel/CMakeFiles/CMakeScratch/TryCompile-3ymkpr"
    cmakeVariables:
      CMAKE_C_FLAGS: " /nologo /DWIN32 /D_WINDOWS /utf-8 /MP "
      CMAKE_C_FLAGS_DEBUG: "/MDd /Z7 /Ob0 /Od /RTC1 "
      CMAKE_EXE_LINKER_FLAGS: "/machine:x64"
      CMAKE_MODULE_PATH: "C:/Users/marce/source/repos/PortalDungeon/vcpkg_installed/x64-windows/vcpkg/blds/sdl2/src/ase-2.32.8-cdefe94ced.clean/cmake"
      CMAKE_MSVC_DEBUG_INFORMATION_FORMAT: ""
      CMAKE_MSVC_RUNTIME_LIBRARY: "MultiThreaded$<$<CONFIG:Debug>:Debug>$<$<STREQUAL:dynamic,dynamic>:DLL>"
      VCPKG_CHAINLOAD_TOOLCHAIN_FILE: "C:/Program Files/Microsoft Visual Studio/18/Community/VC/vcpkg/scripts/toolchains/windows.cmake"
      VCPKG_CRT_LINKAGE: "dynamic"
      VCPKG_CXX_FLAGS: ""
      VCPKG_CXX_FLAGS_DEBUG: ""
      VCPKG_CXX_FLAGS_RELEASE: ""
      VCPKG_C_FLAGS: ""
      VCPKG_C_FLAGS_DEBUG: ""
      VCPKG_C_FLAGS_RELEASE: ""
      VCPKG_INSTALLED_DIR: "C:/Users/marce/source/repos/PortalDungeon/vcpkg_installed/x64-windows"
      VCPKG_LINKER_FLAGS: ""
      VCPKG_LINKER_FLAGS_DEBUG: ""
      VCPKG_LINKER_FLAGS_RELEASE: ""
      VCPKG_PLATFORM_TOOLSET: "v145"
      VCPKG_PREFER_SYSTEM_LIBS: "OFF"
      VCPKG_SET_CHARSET_FLAG: "ON"
      VCPKG_TARGET_ARCHITECTURE: "x64"
      VCPKG_TARGET_TRIPLET: "x64-windows"
      Z_VCPKG_ROOT_DIR: "C:/Program Files/Microsoft Visual Studio/18/Community/VC/vcpkg"
    buildResult:
      variable: "HAVE_SHELLSCALINGAPI_H"
      cached: true
      stdout: |
        Change Dir: 'C:/Users/marce/source/repos/PortalDungeon/vcpkg_installed/x64-windows/vcpkg/blds/sdl2/x64-windows-rel/CMakeFiles/CMakeScratch/TryCompile-3ymkpr'
        
        Run Build Command(s): C:/Users/marce/AppData/Local/vcpkg/downloads/tools/ninja/1.13.1-windows/ninja.exe -v cmTC_8f41b
        [1/2] C:\\PROGRA~1\\MIB055~1\\18\\COMMUN~1\\VC\\Tools\\MSVC\\1450~1.357\\bin\\Hostx64\\x64\\cl.exe  /nologo   /nologo /DWIN32 /D_WINDOWS /utf-8 /MP   -D_GNU_SOURCE=1 /MDd /Z7 /Ob0 /Od /RTC1  -MDd /showIncludes /FoCMakeFiles\\cmTC_8f41b.dir\\CheckIncludeFile.c.obj /FdCMakeFiles\\cmTC_8f41b.dir\\ /FS -c C:\\Users\\marce\\source\\repos\\PortalDungeon\\vcpkg_installed\\x64-windows\\vcpkg\\blds\\sdl2\\x64-windows-rel\\CMakeFiles\\CMakeScratch\\TryCompile-3ymkpr\\CheckIncludeFile.c
        [2/2] C:\\WINDOWS\\system32\\cmd.exe /C "cd . && C:\\Users\\marce\\AppData\\Local\\vcpkg\\downloads\\tools\\cmake-3.31.10-windows\\cmake-3.31.10-windows-x86_64\\bin\\cmake.exe -E vs_link_exe --msvc-ver=1950 --intdir=CMakeFiles\\cmTC_8f41b.dir --rc=C:\\PROGRA~2\\WI3CF2~1\\10\\bin\\100261~1.0\\x64\\rc.exe --mt=C:\\PROGRA~2\\WI3CF2~1\\10\\bin\\100261~1.0\\x64\\mt.exe --manifests  -- C:\\PROGRA~1\\MIB055~1\\18\\COMMUN~1\\VC\\Tools\\MSVC\\1450~1.357\\bin\\Hostx64\\x64\\link.exe /nologo CMakeFiles\\cmTC_8f41b.dir\\CheckIncludeFile.c.obj  /out:cmTC_8f41b.exe /implib:cmTC_8f41b.lib /pdb:cmTC_8f41b.pdb /version:0.0 /machine:x64  /nologo    /debug /INCREMENTAL /subsystem:console  kernel32.lib user32.lib gdi32.lib winspool.lib shell32.lib ole32.lib oleaut32.lib uuid.lib comdlg32.lib advapi32.lib && cd ."
        
      exitCode: 0
...
