
---
events:
  -
    kind: "message-v1"
    backtrace:
      - "C:/Users/marce/AppData/Local/vcpkg/downloads/tools/cmake-3.31.10-windows/cmake-3.31.10-windows-x86_64/share/cmake-3.31/Modules/CMakeDetermineSystem.cmake:205 (message)"
      - "CMakeLists.txt:9 (project)"
    message: |
      The system is: Windows - 10.0.26200 - AMD64
  -
    kind: "message-v1"
    backtrace:
      - "C:/Users/marce/AppData/Local/vcpkg/downloads/tools/cmake-3.31.10-windows/cmake-3.31.10-windows-x86_64/share/cmake-3.31/Modules/CMakeDetermineCompilerId.cmake:17 (message)"
      - "C:/Users/marce/AppData/Local/vcpkg/downloads/tools/cmake-3.31.10-windows/cmake-3.31.10-windows-x86_64/share/cmake-3.31/Modules/CMakeDetermineCompilerId.cmake:64 (__determine_compiler_id_test)"
      - "C:/Users/marce/AppData/Local/vcpkg/downloads/tools/cmake-3.31.10-windows/cmake-3.31.10-windows-x86_64/share/cmake-3.31/Modules/CMakeDetermineCCompiler.cmake:123 (CMAKE_DETERMINE_COMPILER_ID)"
      - "CMakeLists.txt:9 (project)"
    message: |
      Compiling the C compiler identification source file "CMakeCCompilerId.c" succeeded.
      Compiler: C:/Program Files/Microsoft Visual Studio/18/Community/VC/Tools/MSVC/14.50.35717/bin/Hostx64/x64/cl.exe 
      Build flags: /nologo;/DWIN32;/D_WINDOWS;/utf-8;/MP
      Id flags:  
      
      The output was:
      0
      CMakeCCompilerId.c
      
      
      Compilation of the C compiler identification source "CMakeCCompilerId.c" produced "CMakeCCompilerId.exe"
      
      Compilation of the C compiler identification source "CMakeCCompilerId.c" produced "CMakeCCompilerId.obj"
      
      The C compiler identification is MSVC, found in:
        C:/Users/marce/source/repos/PortalDungeon/vcpkg_installed/x64-windows/vcpkg/blds/sdl2/x64-windows-dbg/CMakeFiles/3.31.10/CompilerIdC/CMakeCCompilerId.exe
      
  -
    kind: "message-v1"
    backtrace:
      - "C:/Users/marce/AppData/Local/vcpkg/downloads/tools/cmake-3.31.10-windows/cmake-3.31.10-windows-x86_64/share/cmake-3.31/Modules/CMakeDetermineCompilerId.cmake:1289 (message)"
      - "C:/Users/marce/AppData/Local/vcpkg/downloads/tools/cmake-3.31.10-windows/cmake-3.31.10-windows-x86_64/share/cmake-3.31/Modules/CMakeDetermineCompilerId.cmake:250 (CMAKE_DETERMINE_MSVC_SHOWINCLUDES_PREFIX)"
      - "C:/Users/marce/AppData/Local/vcpkg/downloads/tools/cmake-3.31.10-windows/cmake-3.31.10-windows-x86_64/share/cmake-3.31/Modules/CMakeDetermineCCompiler.cmake:123 (CMAKE_DETERMINE_COMPILER_ID)"
      - "CMakeLists.txt:9 (project)"
    message: |
      Detecting C compiler /showIncludes prefix:
        main.c
        Note: including file: C:\\Users\\marce\\source\\repos\\PortalDungeon\\vcpkg_installed\\x64-windows\\vcpkg\\blds\\sdl2\\x64-windows-dbg\\CMakeFiles\\ShowIncludes\\foo.h
        
      Found prefix "Note: including file: "
  -
    kind: "try_compile-v1"
    backtrace:
      - "C:/Users/marce/AppData/Local/vcpkg/downloads/tools/cmake-3.31.10-windows/cmake-3.31.10-windows-x86_64/share/cmake-3.31/Modules/CMakeDetermineCompilerABI.cmake:74 (try_compile)"
      - "C:/Users/marce/AppData/Local/vcpkg/downloads/tools/cmake-3.31.10-windows/cmake-3.31.10-windows-x86_64/share/cmake-3.31/Modules/CMakeTestCCompiler.cmake:26 (CMAKE_DETERMINE_COMPILER_ABI)"
      - "CMakeLists.txt:9 (project)"
    checks:
      - "Detecting C compiler ABI info"
    directories:
      source: "C:/Users/marce/source/repos/PortalDungeon/vcpkg_installed/x64-windows/vcpkg/blds/sdl2/x64-windows-dbg/CMakeFiles/CMakeScratch/TryCompile-kgn886"
      binary: "C:/Users/marce/source/repos/PortalDungeon/vcpkg_installed/x64-windows/vcpkg/blds/sdl2/x64-windows-dbg/CMakeFiles/CMakeScratch/TryCompile-kgn886"
    cmakeVariables:
      CMAKE_C_FLAGS: " /nologo /DWIN32 /D_WINDOWS /utf-8 /MP "
      CMAKE_C_FLAGS_DEBUG: "/MDd /Z7 /Ob0 /Od /RTC1 "
      CMAKE_EXE_LINKER_FLAGS: "/machine:x64"
      CMAKE_MSVC_DEBUG_INFORMATION_FORMAT: ""
      CMAKE_MSVC_RUNTIME_LIBRARY: "MultiThreaded$<$<CONFIG:Debug>:Debug>$<$<STREQUAL:dynamic,dynamic>:DLL>"
      VCPKG_CHAINLOAD_TOOLCHAIN_FILE: "C:/Program Files/Microsoft Visual Studio/18/Community/VC/vcpkg/scripts/toolchains/windows.cmake"
      VCPKG_CRT_LINKAGE: "dynamic"
      VCPKG_CXX_FLAGS: ""
      VCPKG_CXX_FLAGS_DEBUG: ""
      VCPKG_CXX_FLAGS_RELEASE: ""
      VCPKG_C_FLAGS: ""
      VCPKG_C_FLAGS_DEBUG: ""
      VCPKG_C_FLAGS_RELEASE: ""
      VCPKG_INSTALLED_DIR: "C:/Users/marce/source/repos/PortalDungeon/vcpkg_installed/x64-windows"
      VCPKG_LINKER_FLAGS: ""
      VCPKG_LINKER_FLAGS_DEBUG: ""
      VCPKG_LINKER_FLAGS_RELEASE: ""
      VCPKG_PLATFORM_TOOLSET: "v145"
      VCPKG_PREFER_SYSTEM_LIBS: "OFF"
      VCPKG_SET_CHARSET_FLAG: "ON"
      VCPKG_TARGET_ARCHITECTURE: "x64"
      VCPKG_TARGET_TRIPLET: "x64-windows"
      Z_VCPKG_ROOT_DIR: "C:/Program Files/Microsoft Visual Studio/18/Community/VC/vcpkg"
    buildResult:
      variable: "CMAKE_C_ABI_COMPILED"
      cached: true
      stdout: |
        Change Dir: 'C:/Users/marce/source/repos/PortalDungeon/vcpkg_installed/x64-windows/vcpkg/blds/sdl2/x64-windows-dbg/CMakeFiles/CMakeScratch/TryCompile-kgn886'
        
        Run Build Command(s): C:/Users/marce/AppData/Local/vcpkg/downloads/tools/ninja/1.13.1-windows/ninja.exe -v cmTC_21e84
        [1/2] C:\\PROGRA~1\\MIB055~1\\18\\COMMUN~1\\VC\\Tools\\MSVC\\1450~1.357\\bin\\Hostx64\\x64\\cl.exe  /nologo   /nologo /DWIN32 /D_WINDOWS /utf-8 /MP   /MDd /Z7 /Ob0 /Od /RTC1  -MDd /showIncludes /FoCMakeFiles\\cmTC_21e84.dir\\CMakeCCompilerABI.c.obj /FdCMakeFiles\\cmTC_21e84.dir\\ /FS -c C:\\Users\\marce\\AppData\\Local\\vcpkg\\downloads\\tools\\cmake-3.31.10-windows\\cmake-3.31.10-windows-x86_64\\share\\cmake-3.31\\Modules\\CMakeCCompilerABI.c
        [2/2] C:\\WINDOWS\\system32\\cmd.exe /C "cd . && C:\\Users\\marce\\AppData\\Local\\vcpkg\\downloads\\tools\\cmake-3.31.10-windows\\cmake-3.31.10-windows-x86_64\\bin\\cmake.exe -E vs_link_exe --msvc-ver=1950 --intdir=CMakeFiles\\cmTC_21e84.dir --rc=C:\\PROGRA~2\\WI3CF2~1\\10\\bin\\100261~1.0\\x64\\rc.exe --mt=C:\\PROGRA~2\\WI3CF2~1\\10\\bin\\100261~1.0\\x64\\mt.exe --manifests  -- C:\\PROGRA~1\\MIB055~1\\18\\COMMUN~1\\VC\\Tools\\MSVC\\1450~1.357\\bin\\Hostx64\\x64\\link.exe /nologo CMakeFiles\\cmTC_21e84.dir\\CMakeCCompilerABI.c.obj  /out:cmTC_21e84.exe /implib:cmTC_21e84.lib /pdb:cmTC_21e84.pdb /version:0.0 /machine:x64  /nologo    /debug /INCREMENTAL /subsystem:console  kernel32.lib user32.lib gdi32.lib winspool.lib shell32.lib ole32.lib oleaut32.lib uuid.lib comdlg32.lib advapi32.lib && cd ."
        
      exitCode: 0
  -
    kind: "message-v1"
    backtrace:
      - "C:/Users/marce/AppData/Local/vcpkg/downloads/tools/cmake-3.31.10-windows/cmake-3.31.10-windows-x86_64/share/cmake-3.31/Modules/CMakeDetermineCompilerABI.cmake:218 (message)"
      - "C:/Users/marce/AppData/Local/vcpkg/downloads/tools/cmake-3.31.10-windows/cmake-3.31.10-windows-x86_64/share/cmake-3.31/Modules/CMakeTestCCompiler.cmake:26 (CMAKE_DETERMINE_COMPILER_ABI)"
      - "CMakeLists.txt:9 (project)"
    message: |
      Parsed C implicit link information:
        link line regex: [^( *|.*[/\\])(ld[0-9]*(\\.[a-z]+)?|link\\.exe|lld-link(\\.exe)?|CMAKE_LINK_STARTFILE-NOTFOUND|([^/\\]+-)?ld|collect2)[^/\\]*( |$)]
        linker tool regex: [^[ 	]*(->|")?[ 	]*(([^"]*[/\\])?(ld[0-9]*(\\.[a-z]+)?|link\\.exe|lld-link(\\.exe)?))("|,| |$)]
        linker tool for 'C': C:/PROGRA~1/MIB055~1/18/COMMUN~1/VC/Tools/MSVC/1450~1.357/bin/Hostx64/x64/link.exe
        implicit libs: []
        implicit objs: []
        implicit dirs: []
        implicit fwks: []
      
      
  -
    kind: "message-v1"
    backtrace:
      - "C:/Users/marce/AppData/Local/vcpkg/downloads/tools/cmake-3.31.10-windows/cmake-3.31.10-windows-x86_64/share/cmake-3.31/Modules/Internal/CMakeDetermineLinkerId.cmake:40 (message)"
      - "C:/Users/marce/AppData/Local/vcpkg/downloads/tools/cmake-3.31.10-windows/cmake-3.31.10-windows-x86_64/share/cmake-3.31/Modules/CMakeDetermineCompilerABI.cmake:255 (cmake_determine_linker_id)"
      - "C:/Users/marce/AppData/Local/vcpkg/downloads/tools/cmake-3.31.10-windows/cmake-3.31.10-windows-x86_64/share/cmake-3.31/Modules/CMakeTestCCompiler.cmake:26 (CMAKE_DETERMINE_COMPILER_ABI)"
      - "CMakeLists.txt:9 (project)"
    message: |
      Running the C compiler's linker: "C:/PROGRA~1/MIB055~1/18/COMMUN~1/VC/Tools/MSVC/1450~1.357/bin/Hostx64/x64/link.exe" "-v"
      Microsoft (R) Incremental Linker Version 14.50.35728.0
      Copyright (C) Microsoft Corporation.  All rights reserved.
  -
    kind: "try_compile-v1"
    backtrace:
      - "C:/Users/marce/AppData/Local/vcpkg/downloads/tools/cmake-3.31.10-windows/cmake-3.31.10-windows-x86_64/share/cmake-3.31/Modules/CheckSymbolExists.cmake:163 (try_compile)"
      - "C:/Users/marce/AppData/Local/vcpkg/downloads/tools/cmake-3.31.10-windows/cmake-3.31.10-windows-x86_64/share/cmake-3.31/Modules/CheckSymbolExists.cmake:68 (__CHECK_SYMBOL_EXISTS_IMPL)"
      - "CMakeLists.txt:84 (check_symbol_exists)"
    checks:
      - "Looking for __GLIBC__"
    directories:
      source: "C:/Users/marce/source/repos/PortalDungeon/vcpkg_installed/x64-windows/vcpkg/blds/sdl2/x64-windows-dbg/CMakeFiles/CMakeScratch/TryCompile-657e8y"
      binary: "C:/Users/marce/source/repos/PortalDungeon/vcpkg_installed/x64-windows/vcpkg/blds/sdl2/x64-windows-dbg/CMakeFiles/CMakeScratch/TryCompile-657e8y"
    cmakeVariables:
      CMAKE_C_FLAGS: " /nologo /DWIN32 /D_WINDOWS /utf-8 /MP "
      CMAKE_C_FLAGS_DEBUG: "/MDd /Z7 /Ob0 /Od /RTC1 "
      CMAKE_EXE_LINKER_FLAGS: "/machine:x64"
      CMAKE_MODULE_PATH: "C:/Users/marce/source/repos/PortalDungeon/vcpkg_installed/x64-windows/vcpkg/blds/sdl2/src/ase-2.32.8-cdefe94ced.clean/cmake"
      CMAKE_MSVC_DEBUG_INFORMATION_FORMAT: ""
      CMAKE_MSVC_RUNTIME_LIBRARY: "MultiThreaded$<$<CONFIG:Debug>:Debug>$<$<STREQUAL:dynamic,dynamic>:DLL>"
      VCPKG_CHAINLOAD_TOOLCHAIN_FILE: "C:/Program Files/Microsoft Visual Studio/18/Community/VC/vcpkg/scripts/toolchains/windows.cmake"
      VCPKG_CRT_LINKAGE: "dynamic"
      VCPKG_CXX_FLAGS: ""
      VCPKG_CXX_FLAGS_DEBUG: ""
      VCPKG_CXX_FLAGS_RELEASE: ""
      VCPKG_C_FLAGS: ""
      VCPKG_C_FLAGS_DEBUG: ""
      VCPKG_C_FLAGS_RELEASE: ""
      VCPKG_INSTALLED_DIR: "C:/Users/marce/source/repos/PortalDungeon/vcpkg_installed/x64-windows"
      VCPKG_LINKER_FLAGS: ""
      VCPKG_LINKER_FLAGS_DEBUG: ""
      VCPKG_LINKER_FLAGS_RELEASE: ""
      VCPKG_PLATFORM_TOOLSET: "v145"
      VCPKG_PREFER_SYSTEM_LIBS: "OFF"
      VCPKG_SET_CHARSET_FLAG: "ON"
      VCPKG_TARGET_ARCHITECTURE: "x64"
      VCPKG_TARGET_TRIPLET: "x64-windows"
      Z_VCPKG_ROOT_DIR: "C:/Program Files/Microsoft Visual Studio/18/Community/VC/vcpkg"
    buildResult:
      variable: "LIBC_IS_GLIBC"
      cached: true
      stdout: |
        Change Dir: 'C:/Users/marce/source/repos/PortalDungeon/vcpkg_installed/x64-windows/vcpkg/blds/sdl2/x64-windows-dbg/CMakeFiles/CMakeScratch/TryCompile-657e8y'
        
        Run Build Command(s): C:/Users/marce/AppData/Local/vcpkg/downloads/tools/ninja/1.13.1-windows/ninja.exe -v cmTC_4a274
        [1/2] C:\\PROGRA~1\\MIB055~1\\18\\COMMUN~1\\VC\\Tools\\MSVC\\1450~1.357\\bin\\Hostx64\\x64\\cl.exe  /nologo   /nologo /DWIN32 /D_WINDOWS /utf-8 /MP   /MDd /Z7 /Ob0 /Od /RTC1  -MDd /showIncludes /FoCMakeFiles\\cmTC_4a274.dir\\CheckSymbolExists.c.obj /FdCMakeFiles\\cmTC_4a274.dir\\ /FS -c C:\\Users\\marce\\source\\repos\\PortalDungeon\\vcpkg_installed\\x64-windows\\vcpkg\\blds\\sdl2\\x64-windows-dbg\\CMakeFiles\\CMakeScratch\\TryCompile-657e8y\\CheckSymbolExists.c
        FAILED: [code=2] CMakeFiles/cmTC_4a274.dir/CheckSymbolExists.c.obj 
        C:\\PROGRA~1\\MIB055~1\\18\\COMMUN~1\\VC\\Tools\\MSVC\\1450~1.357\\bin\\Hostx64\\x64\\cl.exe  /nologo   /nologo /DWIN32 /D_WINDOWS /utf-8 /MP   /MDd /Z7 /Ob0 /Od /RTC1  -MDd /showIncludes /FoCMakeFiles\\cmTC_4a274.dir\\CheckSymbolExists.c.obj /FdCMakeFiles\\cmTC_4a274.dir\\ /FS -c C:\\Users\\marce\\source\\repos\\PortalDungeon\\vcpkg_installed\\x64-windows\\vcpkg\\blds\\sdl2\\x64-windows-dbg\\CMakeFiles\\CMakeScratch\\TryCompile-657e8y\\CheckSymbolExists.c
        C:\\Users\\marce\\source\\repos\\PortalDungeon\\vcpkg_installed\\x64-windows\\vcpkg\\blds\\sdl2\\x64-windows-dbg\\CMakeFiles\\CMakeScratch\\TryCompile-657e8y\\CheckSymbolExists.c(8): error C2065: '__GLIBC__': undeclared identifier
        ninja: build stopped: subcommand failed.
        
      exitCode: 2
  -
    kind: "try_compile-v1"
    backtrace:
      - "C:/Users/marce/AppData/Local/vcpkg/downloads/tools/cmake-3.31.10-windows/cmake-3.31.10-windows-x86_64/share/cmake-3.31/Modules/Internal/CheckSourceCompiles.cmake:108 (try_compile)"
      - "C:/Users/marce/AppData/Local/vcpkg/downloads/tools/cmake-3.31.10-windows/cmake-3.31.10-windows-x86_64/share/cmake-3.31/Modules/CheckCSourceCompiles.cmake:58 (cmake_check_source_compiles)"
      - "cmake/CheckCPUArchitecture.cmake:17 (check_c_source_compiles)"
      - "cmake/CheckCPUArchitecture.cmake:28 (_internal_check_cpu_architecture)"
      - "CMakeLists.txt:141 (check_cpu_architecture)"
    checks:
      - "Performing Test CHECK_CPU_ARCHITECTURE_X86"
    directories:
      source: "C:/Users/marce/source/repos/PortalDungeon/vcpkg_installed/x64-windows/vcpkg/blds/sdl2/x64-windows-dbg/CMakeFiles/CMakeScratch/TryCompile-2upfed"
      binary: "C:/Users/marce/source/repos/PortalDungeon/vcpkg_installed/x64-windows/vcpkg/blds/sdl2/x64-windows-dbg/CMakeFiles/CMakeScratch/TryCompile-2upfed"
    cmakeVariables:
      CMAKE_C_FLAGS: " /nologo /DWIN32 /D_WINDOWS /utf-8 /MP "
      CMAKE_C_FLAGS_DEBUG: "/MDd /Z7 /Ob0 /Od /RTC1 "
      CMAKE_EXE_LINKER_FLAGS: "/machine:x64"
      CMAKE_MODULE_PATH: "C:/Users/marce/source/repos/PortalDungeon/vcpkg_installed/x64-windows/vcpkg/blds/sdl2/src/ase-2.32.8-cdefe94ced.clean/cmake"
      CMAKE_MSVC_DEBUG_INFORMATION_FORMAT: ""
      CMAKE_MSVC_RUNTIME_LIBRARY: "MultiThreaded$<$<CONFIG:Debug>:Debug>$<$<STREQUAL:dynamic,dynamic>:DLL>"
      VCPKG_CHAINLOAD_TOOLCHAIN_FILE: "C:/Program Files/Microsoft Visual Studio/18/Community/VC/vcpkg/scripts/toolchains/windows.cmake"
      VCPKG_CRT_LINKAGE: "dynamic"
      VCPKG_CXX_FLAGS: ""
      VCPKG_CXX_FLAGS_DEBUG: ""
      VCPKG_CXX_FLAGS_RELEASE: ""
      VCPKG_C_FLAGS: ""
      VCPKG_C_FLAGS_DEBUG: ""
      VCPKG_C_FLAGS_RELEASE: ""
      VCPKG_INSTALLED_DIR: "C:/Users/marce/source/repos/PortalDungeon/vcpkg_installed/x64-windows"
      VCPKG_LINKER_FLAGS: ""
      VCPKG_LINKER_FLAGS_DEBUG: ""
      VCPKG_LINKER_FLAGS_RELEASE: ""
      VCPKG_PLATFORM_TOOLSET: "v145"
      VCPKG_PREFER_SYSTEM_LIBS: "OFF"
      VCPKG_SET_CHARSET_FLAG: "ON"
      VCPKG_TARGET_ARCHITECTURE: "x64"
      VCPKG_TARGET_TRIPLET: "x64-windows"
      Z_VCPKG_ROOT_DIR: "C:/Program Files/Microsoft Visual Studio/18/Community/VC/vcpkg"
    buildResult:
      variable: "CHECK_CPU_ARCHITECTURE_X86"
      cached: true
      stdout: |
        Change Dir: 'C:/Users/marce/source/repos/PortalDungeon/vcpkg_installed/x64-windows/vcpkg/blds/sdl2/x64-windows-dbg/CMakeFiles/CMakeScratch/TryCompile-2upfed'
        
        Run Build Command(s): C:/Users/marce/AppData/Local/vcpkg/downloads/tools/ninja/1.13.1-windows/ninja.exe -v cmTC_6a20f
        [1/2] C:\\PROGRA~1\\MIB055~1\\18\\COMMUN~1\\VC\\Tools\\MSVC\\1450~1.357\\bin\\Hostx64\\x64\\cl.exe  /nologo -DCHECK_CPU_ARCHITECTURE_X86  /nologo /DWIN32 /D_WINDOWS /utf-8 /MP   /MDd /Z7 /Ob0 /Od /RTC1  -MDd /showIncludes /FoCMakeFiles\\cmTC_6a20f.dir\\src.c.obj /FdCMakeFiles\\cmTC_6a20f.dir\\ /FS -c C:\\Users\\marce\\source\\repos\\PortalDungeon\\vcpkg_installed\\x64-windows\\vcpkg\\blds\\sdl2\\x64-windows-dbg\\CMakeFiles\\CMakeScratch\\TryCompile-2upfed\\src.c
        FAILED: [code=2] CMakeFiles/cmTC_6a20f.dir/src.c.obj 
        C:\\PROGRA~1\\MIB055~1\\18\\COMMUN~1\\VC\\Tools\\MSVC\\1450~1.357\\bin\\Hostx64\\x64\\cl.exe  /nologo -DCHECK_CPU_ARCHITECTURE_X86  /nologo /DWIN32 /D_WINDOWS /utf-8 /MP   /MDd /Z7 /Ob0 /Od /RTC1  -MDd /showIncludes /FoCMakeFiles\\cmTC_6a20f.dir\\src.c.obj /FdCMakeFiles\\cmTC_6a20f.dir\\ /FS -c C:\\Users\\marce\\source\\repos\\PortalDungeon\\vcpkg_installed\\x64-windows\\vcpkg\\blds\\sdl2\\x64-windows-dbg\\CMakeFiles\\CMakeScratch\\TryCompile-2upfed\\src.c
        C:\\Users\\marce\\source\\repos\\PortalDungeon\\vcpkg_installed\\x64-windows\\vcpkg\\blds\\sdl2\\x64-windows-dbg\\CMakeFiles\\CMakeScratch\\TryCompile-2upfed\\src.c(6): error C2065: 'choke': undeclared identifier
        C:\\Users\\marce\\source\\repos\\PortalDungeon\\vcpkg_installed\\x64-windows\\vcpkg\\blds\\sdl2\\x64-windows-dbg\\CMakeFiles\\CMakeScratch\\TryCompile-2upfed\\src.c(8): error C2143: syntax error: missing ';' before '}'
        ninja: build stopped: subcommand failed.
        
      exitCode: 2
  -
    kind: "try_compile-v1"
    backtrace:
      - "C:/Users/marce/AppData/Local/vcpkg/downloads/tools/cmake-3.31.10-windows/cmake-3.31.10-windows-x86_64/share/cmake-3.31/Modules/Internal/CheckSourceCompiles.cmake:108 (try_compile)"
      - "C:/Users/marce/AppData/Local/vcpkg/downloads/tools/cmake-3.31.10-windows/cmake-3.31.10-windows-x86_64/share/cmake-3.31/Modules/CheckCSourceCompiles.cmake:58 (cmake_check_source_compiles)"
      - "cmake/CheckCPUArchitecture.cmake:17 (check_c_source_compiles)"
      - "cmake/CheckCPUArchitecture.cmake:30 (_internal_check_cpu_architecture)"
      - "CMakeLists.txt:142 (check_cpu_architecture)"
    checks:
      - "Performing Test CHECK_CPU_ARCHITECTURE_X64"
    directories:
      source: "C:/Users/marce/source/repos/PortalDungeon/vcpkg_installed/x64-windows/vcpkg/blds/sdl2/x64-windows-dbg/CMakeFiles/CMakeScratch/TryCompile-4jyp2a"
      binary: "C:/Users/marce/source/repos/PortalDungeon/vcpkg_installed/x64-windows/vcpkg/blds/sdl2/x64-windows-dbg/CMakeFiles/CMakeScratch/TryCompile-4jyp2a"
    cmakeVariables:
      CMAKE_C_FLAGS: " /nologo /DWIN32 /D_WINDOWS /utf-8 /MP "
      CMAKE_C_FLAGS_DEBUG: "/MDd /Z7 /Ob0 /Od /RTC1 "
      CMAKE_EXE_LINKER_FLAGS: "/machine:x64"
      CMAKE_MODULE_PATH: "C:/Users/marce/source/repos/PortalDungeon/vcpkg_installed/x64-windows/vcpkg/blds/sdl2/src/ase-2.32.8-cdefe94ced.clean/cmake"
      CMAKE_MSVC_DEBUG_INFORMATION_FORMAT: ""
      CMAKE_MSVC_RUNTIME_LIBRARY: "MultiThreaded$<$<CONFIG:Debug>:Debug>$<$<STREQUAL:dynamic,dynamic>:DLL>"
      VCPKG_CHAINLOAD_TOOLCHAIN_FILE: "C:/Program Files/Microsoft Visual Studio/18/Community/VC/vcpkg/scripts/toolchains/windows.cmake"
      VCPKG_CRT_LINKAGE: "dynamic"
      VCPKG_CXX_FLAGS: ""
      VCPKG_CXX_FLAGS_DEBUG: ""
      VCPKG_CXX_FLAGS_RELEASE: ""
      VCPKG_C_FLAGS: ""
      VCPKG_C_FLAGS_DEBUG: ""
      VCPKG_C_FLAGS_RELEASE: ""
      VCPKG_INSTALLED_DIR: "C:/Users/marce/source/repos/PortalDungeon/vcpkg_installed/x64-windows"
      VCPKG_LINKER_FLAGS: ""
      VCPKG_LINKER_FLAGS_DEBUG: ""
      VCPKG_LINKER_FLAGS_RELEASE: ""
      VCPKG_PLATFORM_TOOLSET: "v145"
      VCPKG_PREFER_SYSTEM_LIBS: "OFF"
      VCPKG_SET_CHARSET_FLAG: "ON"
      VCPKG_TARGET_ARCHITECTURE: "x64"
      VCPKG_TARGET_TRIPLET: "x64-windows"
      Z_VCPKG_ROOT_DIR: "C:/Program Files/Microsoft Visual Studio/18/Community/VC/vcpkg"
    buildResult:
      variable: "CHECK_CPU_ARCHITECTURE_X64"
      cached: true
      stdout: |
        Change Dir: 'C:/Users/marce/source/repos/PortalDungeon/vcpkg_installed/x64-windows/vcpkg/blds/sdl2/x64-windows-dbg/CMakeFiles/CMakeScratch/TryCompile-4jyp2a'
        
        Run Build Command(s): C:/Users/marce/AppData/Local/vcpkg/downloads/tools/ninja/1.13.1-windows/ninja.exe -v cmTC_1ec55
        [1/2] C:\\PROGRA~1\\MIB055~1\\18\\COMMUN~1\\VC\\Tools\\MSVC\\1450~1.357\\bin\\Hostx64\\x64\\cl.exe  /nologo -DCHECK_CPU_ARCHITECTURE_X64  /nologo /DWIN32 /D_WINDOWS /utf-8 /MP   /MDd /Z7 /Ob0 /Od /RTC1  -MDd /showIncludes /FoCMakeFiles\\cmTC_1ec55.dir\\src.c.obj /FdCMakeFiles\\cmTC_1ec55.dir\\ /FS -c C:\\Users\\marce\\source\\repos\\PortalDungeon\\vcpkg_installed\\x64-windows\\vcpkg\\blds\\sdl2\\x64-windows-dbg\\CMakeFiles\\CMakeScratch\\TryCompile-4jyp2a\\src.c
        [2/2] C:\\WINDOWS\\system32\\cmd.exe /C "cd . && C:\\Users\\marce\\AppData\\Local\\vcpkg\\downloads\\tools\\cmake-3.31.10-windows\\cmake-3.31.10-windows-x86_64\\bin\\cmake.exe -E vs_link_exe --msvc-ver=1950 --intdir=CMakeFiles\\cmTC_1ec55.dir --rc=C:\\PROGRA~2\\WI3CF2~1\\10\\bin\\100261~1.0\\x64\\rc.exe --mt=C:\\PROGRA~2\\WI3CF2~1\\10\\bin\\100261~1.0\\x64\\mt.exe --manifests  -- C:\\PROGRA~1\\MIB055~1\\18\\COMMUN~1\\VC\\Tools\\MSVC\\1450~1.357\\bin\\Hostx64\\x64\\link.exe /nologo CMakeFiles\\cmTC_1ec55.dir\\src.c.obj  /out:cmTC_1ec55.exe /implib:cmTC_1ec55.lib /pdb:cmTC_1ec55.pdb /version:0.0 /machine:x64  /nologo    /debug /INCREMENTAL /subsystem:console  kernel32.lib user32.lib gdi32.lib winspool.lib shell32.lib ole32.lib oleaut32.lib uuid.lib comdlg32.lib advapi32.lib && cd ."
        
      exitCode: 0
  -
    kind: "try_compile-v1"
    backtrace:
      - "C:/Users/marce/AppData/Local/vcpkg/downloads/tools/cmake-3.31.10-windows/cmake-3.31.10-windows-x86_64/share/cmake-3.31/Modules/Internal/CheckSourceCompiles.cmake:108 (try_compile)"
      - "C:/Users/marce/AppData/Local/vcpkg/downloads/tools/cmake-3.31.10-windows/cmake-3.31.10-windows-x86_64/share/cmake-3.31/Modules/CheckCSourceCompiles.cmake:58 (cmake_check_source_compiles)"
      - "cmake/CheckCPUArchitecture.cmake:17 (check_c_source_compiles)"
      - "cmake/CheckCPUArchitecture.cmake:32 (_internal_check_cpu_architecture)"
      - "CMakeLists.txt:143 (check_cpu_architecture)"
    checks:
      - "Performing Test CHECK_CPU_ARCHITECTURE_ARM32"
    directories:
      source: "C:/Users/marce/source/repos/PortalDungeon/vcpkg_installed/x64-windows/vcpkg/blds/sdl2/x64-windows-dbg/CMakeFiles/CMakeScratch/TryCompile-6klx6d"
      binary: "C:/Users/marce/source/repos/PortalDungeon/vcpkg_installed/x64-windows/vcpkg/blds/sdl2/x64-windows-dbg/CMakeFiles/CMakeScratch/TryCompile-6klx6d"
    cmakeVariables:
      CMAKE_C_FLAGS: " /nologo /DWIN32 /D_WINDOWS /utf-8 /MP "
      CMAKE_C_FLAGS_DEBUG: "/MDd /Z7 /Ob0 /Od /RTC1 "
      CMAKE_EXE_LINKER_FLAGS: "/machine:x64"
      CMAKE_MODULE_PATH: "C:/Users/marce/source/repos/PortalDungeon/vcpkg_installed/x64-windows/vcpkg/blds/sdl2/src/ase-2.32.8-cdefe94ced.clean/cmake"
      CMAKE_MSVC_DEBUG_INFORMATION_FORMAT: ""
      CMAKE_MSVC_RUNTIME_LIBRARY: "MultiThreaded$<$<CONFIG:Debug>:Debug>$<$<STREQUAL:dynamic,dynamic>:DLL>"
      VCPKG_CHAINLOAD_TOOLCHAIN_FILE: "C:/Program Files/Microsoft Visual Studio/18/Community/VC/vcpkg/scripts/toolchains/windows.cmake"
      VCPKG_CRT_LINKAGE: "dynamic"
      VCPKG_CXX_FLAGS: ""
      VCPKG_CXX_FLAGS_DEBUG: ""
      VCPKG_CXX_FLAGS_RELEASE: ""
      VCPKG_C_FLAGS: ""
      VCPKG_C_FLAGS_DEBUG: ""
      VCPKG_C_FLAGS_RELEASE: ""
      VCPKG_INSTALLED_DIR: "C:/Users/marce/source/repos/PortalDungeon/vcpkg_installed/x64-windows"
      VCPKG_LINKER_FLAGS: ""
      VCPKG_LINKER_FLAGS_DEBUG: ""
      VCPKG_LINKER_FLAGS_RELEASE: ""
      VCPKG_PLATFORM_TOOLSET: "v145"
      VCPKG_PREFER_SYSTEM_LIBS: "OFF"
      VCPKG_SET_CHARSET_FLAG: "ON"
      VCPKG_TARGET_ARCHITECTURE: "x64"
      VCPKG_TARGET_TRIPLET: "x64-windows"
      Z_VCPKG_ROOT_DIR: "C:/Program Files/Microsoft Visual Studio/18/Community/VC/vcpkg"
    buildResult:
      variable: "CHECK_CPU_ARCHITECTURE_ARM32"
      cached: true
      stdout: |
        Change Dir: 'C:/Users/marce/source/repos/PortalDungeon/vcpkg_installed/x64-windows/vcpkg/blds/sdl2/x64-windows-dbg/CMakeFiles/CMakeScratch/TryCompile-6klx6d'
        
        Run Build Command(s): C:/Users/marce/AppData/Local/vcpkg/downloads/tools/ninja/1.13.1-windows/ninja.exe -v cmTC_d8828
        [1/2] C:\\PROGRA~1\\MIB055~1\\18\\COMMUN~1\\VC\\Tools\\MSVC\\1450~1.357\\bin\\Hostx64\\x64\\cl.exe  /nologo -DCHECK_CPU_ARCHITECTURE_ARM32  /nologo /DWIN32 /D_WINDOWS /utf-8 /MP   /MDd /Z7 /Ob0 /Od /RTC1  -MDd /showIncludes /FoCMakeFiles\\cmTC_d8828.dir\\src.c.obj /FdCMakeFiles\\cmTC_d8828.dir\\ /FS -c C:\\Users\\marce\\source\\repos\\PortalDungeon\\vcpkg_installed\\x64-windows\\vcpkg\\blds\\sdl2\\x64-windows-dbg\\CMakeFiles\\CMakeScratch\\TryCompile-6klx6d\\src.c
        FAILED: [code=2] CMakeFiles/cmTC_d8828.dir/src.c.obj 
        C:\\PROGRA~1\\MIB055~1\\18\\COMMUN~1\\VC\\Tools\\MSVC\\1450~1.357\\bin\\Hostx64\\x64\\cl.exe  /nologo -DCHECK_CPU_ARCHITECTURE_ARM32  /nologo /DWIN32 /D_WINDOWS /utf-8 /MP   /MDd /Z7 /Ob0 /Od /RTC1  -MDd /showIncludes /FoCMakeFiles\\cmTC_d8828.dir\\src.c.obj /FdCMakeFiles\\cmTC_d8828.dir\\ /FS -c C:\\Users\\marce\\source\\repos\\PortalDungeon\\vcpkg_installed\\x64-windows\\vcpkg\\blds\\sdl2\\x64-windows-dbg\\CMakeFiles\\CMakeScratch\\TryCompile-6klx6d\\src.c
        C:\\Users\\marce\\source\\repos\\PortalDungeon\\vcpkg_installed\\x64-windows\\vcpkg\\blds\\sdl2\\x64-windows-dbg\\CMakeFiles\\CMakeScratch\\TryCompile-6klx6d\\src.c(6): error C2065: 'choke': undeclared identifier
        C:\\Users\\marce\\source\\repos\\PortalDungeon\\vcpkg_installed\\x64-windows\\vcpkg\\blds\\sdl2\\x64-windows-dbg\\CMakeFiles\\CMakeScratch\\TryCompile-6klx6d\\src.c(8): error C2143: syntax error: missing ';' before '}'
        ninja: build stopped: subcommand failed.
        
      exitCode: 2
  -
    kind: "try_compile-v1"
    backtrace:
      - "C:/Users/marce/AppData/Local/vcpkg/downloads/tools/cmake-3.31.10-windows/cmake-3.31.10-windows-x86_64/share/cmake-3.31/Modules/Internal/CheckSourceCompiles.cmake:108 (try_compile)"
      - "C:/Users/marce/AppData/Local/vcpkg/downloads/tools/cmake-3.31.10-windows/cmake-3.31.10-windows-x86_64/share/cmake-3.31/Modules/CheckCSourceCompiles.cmake:58 (cmake_check_source_compiles)"
      - "cmake/CheckCPUArchitecture.cmake:17 (check_c_source_compiles)"
      - "cmake/CheckCPUArchitecture.cmake:34 (_internal_check_cpu_architecture)"
      - "CMakeLists.txt:144 (check_cpu_architecture)"
    checks:
      - "Performing Test CHECK_CPU_ARCHITECTURE_ARM64"
    directories:
      source: "C:/Users/marce/source/repos/PortalDungeon/vcpkg_installed/x64-windows/vcpkg/blds/sdl2/x64-windows-dbg/CMakeFiles/CMakeScratch/TryCompile-zra0xb"
      binary: "C:/Users/marce/source/repos/PortalDungeon/vcpkg_installed/x64-windows/vcpkg/blds/sdl2/x64-windows-dbg/CMakeFiles/CMakeScratch/TryCompile-zra0xb"
    cmakeVariables:
      CMAKE_C_FLAGS: " /nologo /DWIN32 /D_WINDOWS /utf-8 /MP "
      CMAKE_C_FLAGS_DEBUG: "/MDd /Z7 /Ob0 /Od /RTC1 "
      CMAKE_EXE_LINKER_FLAGS: "/machine:x64"
      CMAKE_MODULE_PATH: "C:/Users/marce/source/repos/PortalDungeon/vcpkg_installed/x64-windows/vcpkg/blds/sdl2/src/ase-2.32.8-cdefe94ced.clean/cmake"
      CMAKE_MSVC_DEBUG_INFORMATION_FORMAT: ""
      CMAKE_MSVC_RUNTIME_LIBRARY: "MultiThreaded$<$<CONFIG:Debug>:Debug>$<$<STREQUAL:dynamic,dynamic>:DLL>"
      VCPKG_CHAINLOAD_TOOLCHAIN_FILE: "C:/Program Files/Microsoft Visual Studio/18/Community/VC/vcpkg/scripts/toolchains/windows.cmake"
      VCPKG_CRT_LINKAGE: "dynamic"
      VCPKG_CXX_FLAGS: ""
      VCPKG_CXX_FLAGS_DEBUG: ""
      VCPKG_CXX_FLAGS_RELEASE: ""
      VCPKG_C_FLAGS: ""
      VCPKG_C_FLAGS_DEBUG: ""
      VCPKG_C_FLAGS_RELEASE: ""
      VCPKG_INSTALLED_DIR: "C:/Users/marce/source/repos/PortalDungeon/vcpkg_installed/x64-windows"
      VCPKG_LINKER_FLAGS: ""
      VCPKG_LINKER_FLAGS_DEBUG: ""
      VCPKG_LINKER_FLAGS_RELEASE: ""
      VCPKG_PLATFORM_TOOLSET: "v145"
      VCPKG_PREFER_SYSTEM_LIBS: "OFF"
      VCPKG_SET_CHARSET_FLAG: "ON"
      VCPKG_TARGET_ARCHITECTURE: "x64"
      VCPKG_TARGET_TRIPLET: "x64-windows"
      Z_VCPKG_ROOT_DIR: "C:/Program Files/Microsoft Visual Studio/18/Community/VC/vcpkg"
    buildResult:
      variable: "CHECK_CPU_ARCHITECTURE_ARM64"
      cached: true
      stdout: |
        Change Dir: 'C:/Users/marce/source/repos/PortalDungeon/vcpkg_installed/x64-windows/vcpkg/blds/sdl2/x64-windows-dbg/CMakeFiles/CMakeScratch/TryCompile-zra0xb'
        
        Run Build Command(s): C:/Users/marce/AppData/Local/vcpkg/downloads/tools/ninja/1.13.1-windows/ninja.exe -v cmTC_31730
        [1/2] C:\\PROGRA~1\\MIB055~1\\18\\COMMUN~1\\VC\\Tools\\MSVC\\1450~1.357\\bin\\Hostx64\\x64\\cl.exe  /nologo -DCHECK_CPU_ARCHITECTURE_ARM64  /nologo /DWIN32 /D_WINDOWS /utf-8 /MP   /MDd /Z7 /Ob0 /Od /RTC1  -MDd /showIncludes /FoCMakeFiles\\cmTC_31730.dir\\src.c.obj /FdCMakeFiles\\cmTC_31730.dir\\ /FS -c C:\\Users\\marce\\source\\repos\\PortalDungeon\\vcpkg_installed\\x64-windows\\vcpkg\\blds\\sdl2\\x64-windows-dbg\\CMakeFiles\\CMakeScratch\\TryCompile-zra0xb\\src.c
        FAILED: [code=2] CMakeFiles/cmTC_31730.dir/src.c.obj 
        C:\\PROGRA~1\\MIB055~1\\18\\COMMUN~1\\VC\\Tools\\MSVC\\1450~1.357\\bin\\Hostx64\\x64\\cl.exe  /nologo -DCHECK_CPU_ARCHITECTURE_ARM64  /nologo /DWIN32 /D_WINDOWS /utf-8 /MP   /MDd /Z7 /Ob0 /Od /RTC1  -MDd /showIncludes /FoCMakeFiles\\cmTC_31730.dir\\src.c.obj /FdCMakeFiles\\cmTC_31730.dir\\ /FS -c C:\\Users\\marce\\source\\repos\\PortalDungeon\\vcpkg_installed\\x64-windows\\vcpkg\\blds\\sdl2\\x64-windows-dbg\\CMakeFiles\\CMakeScratch\\TryCompile-zra0xb\\src.c
        C:\\Users\\marce\\source\\repos\\PortalDungeon\\vcpkg_installed\\x64-windows\\vcpkg\\blds\\sdl2\\x64-windows-dbg\\CMakeFiles\\CMakeScratch\\TryCompile-zra0xb\\src.c(6): error C2065: 'choke': undeclared identifier
        C:\\Users\\marce\\source\\repos\\PortalDungeon\\vcpkg_installed\\x64-windows\\vcpkg\\blds\\sdl2\\x64-windows-dbg\\CMakeFiles\\CMakeScratch\\TryCompile-zra0xb\\src.c(8): error C2143: syntax error: missing ';' before '}'
        ninja: build stopped: subcommand failed.
        
      exitCode: 2
  -
    kind: "try_compile-v1"
    backtrace:
      - "C:/Users/marce/AppData/Local/vcpkg/downloads/tools/cmake-3.31.10-windows/cmake-3.31.10-windows-x86_64/share/cmake-3.31/Modules/Internal/CheckSourceCompiles.cmake:108 (try_compile)"
      - "C:/Users/marce/AppData/Local/vcpkg/downloads/tools/cmake-3.31.10-windows/cmake-3.31.10-windows-x86_64/share/cmake-3.31/Modules/CheckCSourceCompiles.cmake:58 (cmake_check_source_compiles)"
      - "cmake/CheckCPUArchitecture.cmake:17 (check_c_source_compiles)"
      - "cmake/CheckCPUArchitecture.cmake:36 (_internal_check_cpu_architecture)"
      - "CMakeLists.txt:145 (check_cpu_architecture)"
    checks:
      - "Performing Test CHECK_CPU_ARCHITECTURE_ARM64EC"
    directories:
      source: "C:/Users/marce/source/repos/PortalDungeon/vcpkg_installed/x64-windows/vcpkg/blds/sdl2/x64-windows-dbg/CMakeFiles/CMakeScratch/TryCompile-63b5om"
      binary: "C:/Users/marce/source/repos/PortalDungeon/vcpkg_installed/x64-windows/vcpkg/blds/sdl2/x64-windows-dbg/CMakeFiles/CMakeScratch/TryCompile-63b5om"
    cmakeVariables:
      CMAKE_C_FLAGS: " /nologo /DWIN32 /D_WINDOWS /utf-8 /MP "
      CMAKE_C_FLAGS_DEBUG: "/MDd /Z7 /Ob0 /Od /RTC1 "
      CMAKE_EXE_LINKER_FLAGS: "/machine:x64"
      CMAKE_MODULE_PATH: "C:/Users/marce/source/repos/PortalDungeon/vcpkg_installed/x64-windows/vcpkg/blds/sdl2/src/ase-2.32.8-cdefe94ced.clean/cmake"
      CMAKE_MSVC_DEBUG_INFORMATION_FORMAT: ""
      CMAKE_MSVC_RUNTIME_LIBRARY: "MultiThreaded$<$<CONFIG:Debug>:Debug>$<$<STREQUAL:dynamic,dynamic>:DLL>"
      VCPKG_CHAINLOAD_TOOLCHAIN_FILE: "C:/Program Files/Microsoft Visual Studio/18/Community/VC/vcpkg/scripts/toolchains/windows.cmake"
      VCPKG_CRT_LINKAGE: "dynamic"
      VCPKG_CXX_FLAGS: ""
      VCPKG_CXX_FLAGS_DEBUG: ""
      VCPKG_CXX_FLAGS_RELEASE: ""
      VCPKG_C_FLAGS: ""
      VCPKG_C_FLAGS_DEBUG: ""
      VCPKG_C_FLAGS_RELEASE: ""
      VCPKG_INSTALLED_DIR: "C:/Users/marce/source/repos/PortalDungeon/vcpkg_installed/x64-windows"
      VCPKG_LINKER_FLAGS: ""
      VCPKG_LINKER_FLAGS_DEBUG: ""
      VCPKG_LINKER_FLAGS_RELEASE: ""
      VCPKG_PLATFORM_TOOLSET: "v145"
      VCPKG_PREFER_SYSTEM_LIBS: "OFF"
      VCPKG_SET_CHARSET_FLAG: "ON"
      VCPKG_TARGET_ARCHITECTURE: "x64"
      VCPKG_TARGET_TRIPLET: "x64-windows"
      Z_VCPKG_ROOT_DIR: "C:/Program Files/Microsoft Visual Studio/18/Community/VC/vcpkg"
    buildResult:
      variable: "CHECK_CPU_ARCHITECTURE_ARM64EC"
      cached: true
      stdout: |
        Change Dir: 'C:/Users/marce/source/repos/PortalDungeon/vcpkg_installed/x64-windows/vcpkg/blds/sdl2/x64-windows-dbg/CMakeFiles/CMakeScratch/TryCompile-63b5om'
        
        Run Build Command(s): C:/Users/marce/AppData/Local/vcpkg/downloads/tools/ninja/1.13.1-windows/ninja.exe -v cmTC_05e37
        [1/2] C:\\PROGRA~1\\MIB055~1\\18\\COMMUN~1\\VC\\Tools\\MSVC\\1450~1.357\\bin\\Hostx64\\x64\\cl.exe  /nologo -DCHECK_CPU_ARCHITECTURE_ARM64EC  /nologo /DWIN32 /D_WINDOWS /utf-8 /MP   /MDd /Z7 /Ob0 /Od /RTC1  -MDd /showIncludes /FoCMakeFiles\\cmTC_05e37.dir\\src.c.obj /FdCMakeFiles\\cmTC_05e37.dir\\ /FS -c C:\\Users\\marce\\source\\repos\\PortalDungeon\\vcpkg_installed\\x64-windows\\vcpkg\\blds\\sdl2\\x64-windows-dbg\\CMakeFiles\\CMakeScratch\\TryCompile-63b5om\\src.c
        FAILED: [code=2] CMakeFiles/cmTC_05e37.dir/src.c.obj 
        C:\\PROGRA~1\\MIB055~1\\18\\COMMUN~1\\VC\\Tools\\MSVC\\1450~1.357\\bin\\Hostx64\\x64\\cl.exe  /nologo -DCHECK_CPU_ARCHITECTURE_ARM64EC  /nologo /DWIN32 /D_WINDOWS /utf-8 /MP   /MDd /Z7 /Ob0 /Od /RTC1  -MDd /showIncludes /FoCMakeFiles\\cmTC_05e37.dir\\src.c.obj /FdCMakeFiles\\cmTC_05e37.dir\\ /FS -c C:\\Users\\marce\\source\\repos\\PortalDungeon\\vcpkg_installed\\x64-windows\\vcpkg\\blds\\sdl2\\x64-windows-dbg\\CMakeFiles\\CMakeScratch\\TryCompile-63b5om\\src.c
        C:\\Users\\marce\\source\\repos\\PortalDungeon\\vcpkg_installed\\x64-windows\\vcpkg\\blds\\sdl2\\x64-windows-dbg\\CMakeFiles\\CMakeScratch\\TryCompile-63b5om\\src.c(6): error C2065: 'choke': undeclared identifier
        C:\\Users\\marce\\source\\repos\\PortalDungeon\\vcpkg_installed\\x64-windows\\vcpkg\\blds\\sdl2\\x64-windows-dbg\\CMakeFiles\\CMakeScratch\\TryCompile-63b5om\\src.c(8): error C2143: syntax error: missing ';' before '}'
        ninja: build stopped: subcommand failed.
        
      exitCode: 2
  -
    kind: "try_compile-v1"
    backtrace:
      - "C:/Users/marce/AppData/Local/vcpkg/downloads/tools/cmake-3.31.10-windows/cmake-3.31.10-windows-x86_64/share/cmake-3.31/Modules/Internal/CheckSourceCompiles.cmake:108 (try_compile)"
      - "C:/Users/marce/AppData/Local/vcpkg/downloads/tools/cmake-3.31.10-windows/cmake-3.31.10-windows-x86_64/share/cmake-3.31/Modules/CheckCSourceCompiles.cmake:58 (cmake_check_source_compiles)"
      - "cmake/CheckCPUArchitecture.cmake:17 (check_c_source_compiles)"
      - "cmake/CheckCPUArchitecture.cmake:38 (_internal_check_cpu_architecture)"
      - "CMakeLists.txt:146 (check_cpu_architecture)"
    checks:
      - "Performing Test CHECK_CPU_ARCHITECTURE_LOONGARCH64"
    directories:
      source: "C:/Users/marce/source/repos/PortalDungeon/vcpkg_installed/x64-windows/vcpkg/blds/sdl2/x64-windows-dbg/CMakeFiles/CMakeScratch/TryCompile-hb049c"
      binary: "C:/Users/marce/source/repos/PortalDungeon/vcpkg_installed/x64-windows/vcpkg/blds/sdl2/x64-windows-dbg/CMakeFiles/CMakeScratch/TryCompile-hb049c"
    cmakeVariables:
      CMAKE_C_FLAGS: " /nologo /DWIN32 /D_WINDOWS /utf-8 /MP "
      CMAKE_C_FLAGS_DEBUG: "/MDd /Z7 /Ob0 /Od /RTC1 "
      CMAKE_EXE_LINKER_FLAGS: "/machine:x64"
      CMAKE_MODULE_PATH: "C:/Users/marce/source/repos/PortalDungeon/vcpkg_installed/x64-windows/vcpkg/blds/sdl2/src/ase-2.32.8-cdefe94ced.clean/cmake"
      CMAKE_MSVC_DEBUG_INFORMATION_FORMAT: ""
      CMAKE_MSVC_RUNTIME_LIBRARY: "MultiThreaded$<$<CONFIG:Debug>:Debug>$<$<STREQUAL:dynamic,dynamic>:DLL>"
      VCPKG_CHAINLOAD_TOOLCHAIN_FILE: "C:/Program Files/Microsoft Visual Studio/18/Community/VC/vcpkg/scripts/toolchains/windows.cmake"
      VCPKG_CRT_LINKAGE: "dynamic"
      VCPKG_CXX_FLAGS: ""
      VCPKG_CXX_FLAGS_DEBUG: ""
      VCPKG_CXX_FLAGS_RELEASE: ""
      VCPKG_C_FLAGS: ""
      VCPKG_C_FLAGS_DEBUG: ""
      VCPKG_C_FLAGS_RELEASE: ""
      VCPKG_INSTALLED_DIR: "C:/Users/marce/source/repos/PortalDungeon/vcpkg_installed/x64-windows"
      VCPKG_LINKER_FLAGS: ""
      VCPKG_LINKER_FLAGS_DEBUG: ""
      VCPKG_LINKER_FLAGS_RELEASE: ""
      VCPKG_PLATFORM_TOOLSET: "v145"
      VCPKG_PREFER_SYSTEM_LIBS: "OFF"
      VCPKG_SET_CHARSET_FLAG: "ON"
      VCPKG_TARGET_ARCHITECTURE: "x64"
      VCPKG_TARGET_TRIPLET: "x64-windows"
      Z_VCPKG_ROOT_DIR: "C:/Program Files/Microsoft Visual Studio/18/Community/VC/vcpkg"
    buildResult:
      variable: "CHECK_CPU_ARCHITECTURE_LOONGARCH64"
      cached: true
      stdout: |
        Change Dir: 'C:/Users/marce/source/repos/PortalDungeon/vcpkg_installed/x64-windows/vcpkg/blds/sdl2/x64-windows-dbg/CMakeFiles/CMakeScratch/TryCompile-hb049c'
        
        Run Build Command(s): C:/Users/marce/AppData/Local/vcpkg/downloads/tools/ninja/1.13.1-windows/ninja.exe -v cmTC_76215
        [1/2] C:\\PROGRA~1\\MIB055~1\\18\\COMMUN~1\\VC\\Tools\\MSVC\\1450~1.357\\bin\\Hostx64\\x64\\cl.exe  /nologo -DCHECK_CPU_ARCHITECTURE_LOONGARCH64  /nologo /DWIN32 /D_WINDOWS /utf-8 /MP   /MDd /Z7 /Ob0 /Od /RTC1  -MDd /showIncludes /FoCMakeFiles\\cmTC_76215.dir\\src.c.obj /FdCMakeFiles\\cmTC_76215.dir\\ /FS -c C:\\Users\\marce\\source\\repos\\PortalDungeon\\vcpkg_installed\\x64-windows\\vcpkg\\blds\\sdl2\\x64-windows-dbg\\CMakeFiles\\CMakeScratch\\TryCompile-hb049c\\src.c
        FAILED: [code=2] CMakeFiles/cmTC_76215.dir/src.c.obj 
        C:\\PROGRA~1\\MIB055~1\\18\\COMMUN~1\\VC\\Tools\\MSVC\\1450~1.357\\bin\\Hostx64\\x64\\cl.exe  /nologo -DCHECK_CPU_ARCHITECTURE_LOONGARCH64  /nologo /DWIN32 /D_WINDOWS /utf-8 /MP   /MDd /Z7 /Ob0 /Od /RTC1  -MDd /showIncludes /FoCMakeFiles\\cmTC_76215.dir\\src.c.obj /FdCMakeFiles\\cmTC_76215.dir\\ /FS -c C:\\Users\\marce\\source\\repos\\PortalDungeon\\vcpkg_installed\\x64-windows\\vcpkg\\blds\\sdl2\\x64-windows-dbg\\CMakeFiles\\CMakeScratch\\TryCompile-hb049c\\src.c
        C:\\Users\\marce\\source\\repos\\PortalDungeon\\vcpkg_installed\\x64-windows\\vcpkg\\blds\\sdl2\\x64-windows-dbg\\CMakeFiles\\CMakeScratch\\TryCompile-hb049c\\src.c(6): error C2065: 'choke': undeclared identifier
        C:\\Users\\marce\\source\\repos\\PortalDungeon\\vcpkg_installed\\x64-windows\\vcpkg\\blds\\sdl2\\x64-windows-dbg\\CMakeFiles\\CMakeScratch\\TryCompile-hb049c\\src.c(8): error C2143: syntax error: missing ';' before '}'
        ninja: build stopped: subcommand failed.
        
      exitCode: 2
  -
    kind: "try_compile-v1"
    backtrace:
      - "C:/Users/marce/AppData/Local/vcpkg/downloads/tools/cmake-3.31.10-windows/cmake-3.31.10-windows-x86_64/share/cmake-3.31/Modules/CheckIncludeFile.cmake:99 (try_compile)"
      - "CMakeLists.txt:1013 (check_include_file)"
    checks:
      - "Looking for immintrin.h"
    directories:
      source: "C:/Users/marce/source/repos/PortalDungeon/vcpkg_installed/x64-windows/vcpkg/blds/sdl2/x64-windows-dbg/CMakeFiles/CMakeScratch/TryCompile-1xkse4"
      binary: "C:/Users/marce/source/repos/PortalDungeon/vcpkg_installed/x64-windows/vcpkg/blds/sdl2/x64-windows-dbg/CMakeFiles/CMakeScratch/TryCompile-1xkse4"
    cmakeVariables:
      CMAKE_C_FLAGS: " /nologo /DWIN32 /D_WINDOWS /utf-8 /MP "
      CMAKE_C_FLAGS_DEBUG: "/MDd /Z7 /Ob0 /Od /RTC1 "
      CMAKE_EXE_LINKER_FLAGS: "/machine:x64"
      CMAKE_MODULE_PATH: "C:/Users/marce/source/repos/PortalDungeon/vcpkg_installed/x64-windows/vcpkg/blds/sdl2/src/ase-2.32.8-cdefe94ced.clean/cmake"
      CMAKE_MSVC_DEBUG_INFORMATION_FORMAT: ""
      CMAKE_MSVC_RUNTIME_LIBRARY: "MultiThreaded$<$<CONFIG:Debug>:Debug>$<$<STREQUAL:dynamic,dynamic>:DLL>"
      VCPKG_CHAINLOAD_TOOLCHAIN_FILE: "C:/Program Files/Microsoft Visual Studio/18/Community/VC/vcpkg/scripts/toolchains/windows.cmake"
      VCPKG_CRT_LINKAGE: "dynamic"
      VCPKG_CXX_FLAGS: ""
      VCPKG_CXX_FLAGS_DEBUG: ""
      VCPKG_CXX_FLAGS_RELEASE: ""
      VCPKG_C_FLAGS: ""
      VCPKG_C_FLAGS_DEBUG: ""
      VCPKG_C_FLAGS_RELEASE: ""
      VCPKG_INSTALLED_DIR: "C:/Users/marce/source/repos/PortalDungeon/vcpkg_installed/x64-windows"
      VCPKG_LINKER_FLAGS: ""
      VCPKG_LINKER_FLAGS_DEBUG: ""
      VCPKG_LINKER_FLAGS_RELEASE: ""
      VCPKG_PLATFORM_TOOLSET: "v145"
      VCPKG_PREFER_SYSTEM_LIBS: "OFF"
      VCPKG_SET_CHARSET_FLAG: "ON"
      VCPKG_TARGET_ARCHITECTURE: "x64"
      VCPKG_TARGET_TRIPLET: "x64-windows"
      Z_VCPKG_ROOT_DIR: "C:/Program Files/Microsoft Visual Studio/18/Community/VC/vcpkg"
    buildResult:
      variable: "HAVE_IMMINTRIN_H"
      cached: true
      stdout: |
        Change Dir: 'C:/Users/marce/source/repos/PortalDungeon/vcpkg_installed/x64-windows/vcpkg/blds/sdl2/x64-windows-dbg/CMakeFiles/CMakeScratch/TryCompile-1xkse4'
        
        Run Build Command(s): C:/Users/marce/AppData/Local/vcpkg/downloads/tools/ninja/1.13.1-windows/ninja.exe -v cmTC_982e0
        [1/2] C:\\PROGRA~1\\MIB055~1\\18\\COMMUN~1\\VC\\Tools\\MSVC\\1450~1.357\\bin\\Hostx64\\x64\\cl.exe  /nologo   /nologo /DWIN32 /D_WINDOWS /utf-8 /MP   -D_GNU_SOURCE=1 /MDd /Z7 /Ob0 /Od /RTC1  -MDd /showIncludes /FoCMakeFiles\\cmTC_982e0.dir\\CheckIncludeFile.c.obj /FdCMakeFiles\\cmTC_982e0.dir\\ /FS -c C:\\Users\\marce\\source\\repos\\PortalDungeon\\vcpkg_installed\\x64-windows\\vcpkg\\blds\\sdl2\\x64-windows-dbg\\CMakeFiles\\CMakeScratch\\TryCompile-1xkse4\\CheckIncludeFile.c
        [2/2] C:\\WINDOWS\\system32\\cmd.exe /C "cd . && C:\\Users\\marce\\AppData\\Local\\vcpkg\\downloads\\tools\\cmake-3.31.10-windows\\cmake-3.31.10-windows-x86_64\\bin\\cmake.exe -E vs_link_exe --msvc-ver=1950 --intdir=CMakeFiles\\cmTC_982e0.dir --rc=C:\\PROGRA~2\\WI3CF2~1\\10\\bin\\100261~1.0\\x64\\rc.exe --mt=C:\\PROGRA~2\\WI3CF2~1\\10\\bin\\100261~1.0\\x64\\mt.exe --manifests  -- C:\\PROGRA~1\\MIB055~1\\18\\COMMUN~1\\VC\\Tools\\MSVC\\1450~1.357\\bin\\Hostx64\\x64\\link.exe /nologo CMakeFiles\\cmTC_982e0.dir\\CheckIncludeFile.c.obj  /out:cmTC_982e0.exe /implib:cmTC_982e0.lib /pdb:cmTC_982e0.pdb /version:0.0 /machine:x64  /nologo    /debug /INCREMENTAL /subsystem:console  kernel32.lib user32.lib gdi32.lib winspool.lib shell32.lib ole32.lib oleaut32.lib uuid.lib comdlg32.lib advapi32.lib && cd ."
        
      exitCode: 0
  -
    kind: "try_compile-v1"
    backtrace:
      - "C:/Users/marce/AppData/Local/vcpkg/downloads/tools/cmake-3.31.10-windows/cmake-3.31.10-windows-x86_64/share/cmake-3.31/Modules/CheckIncludeFile.cmake:99 (try_compile)"
      - "CMakeLists.txt:1022 (check_include_file)"
    checks:
      - "Looking for stdint.h"
    directories:
      source: "C:/Users/marce/source/repos/PortalDungeon/vcpkg_installed/x64-windows/vcpkg/blds/sdl2/x64-windows-dbg/CMakeFiles/CMakeScratch/TryCompile-lbh5uc"
      binary: "C:/Users/marce/source/repos/PortalDungeon/vcpkg_installed/x64-windows/vcpkg/blds/sdl2/x64-windows-dbg/CMakeFiles/CMakeScratch/TryCompile-lbh5uc"
    cmakeVariables:
      CMAKE_C_FLAGS: " /nologo /DWIN32 /D_WINDOWS /utf-8 /MP "
      CMAKE_C_FLAGS_DEBUG: "/MDd /Z7 /Ob0 /Od /RTC1 "
      CMAKE_EXE_LINKER_FLAGS: "/machine:x64"
      CMAKE_MODULE_PATH: "C:/Users/marce/source/repos/PortalDungeon/vcpkg_installed/x64-windows/vcpkg/blds/sdl2/src/ase-2.32.8-cdefe94ced.clean/cmake"
      CMAKE_MSVC_DEBUG_INFORMATION_FORMAT: ""
      CMAKE_MSVC_RUNTIME_LIBRARY: "MultiThreaded$<$<CONFIG:Debug>:Debug>$<$<STREQUAL:dynamic,dynamic>:DLL>"
      VCPKG_CHAINLOAD_TOOLCHAIN_FILE: "C:/Program Files/Microsoft Visual Studio/18/Community/VC/vcpkg/scripts/toolchains/windows.cmake"
      VCPKG_CRT_LINKAGE: "dynamic"
      VCPKG_CXX_FLAGS: ""
      VCPKG_CXX_FLAGS_DEBUG: ""
      VCPKG_CXX_FLAGS_RELEASE: ""
      VCPKG_C_FLAGS: ""
      VCPKG_C_FLAGS_DEBUG: ""
      VCPKG_C_FLAGS_RELEASE: ""
      VCPKG_INSTALLED_DIR: "C:/Users/marce/source/repos/PortalDungeon/vcpkg_installed/x64-windows"
      VCPKG_LINKER_FLAGS: ""
      VCPKG_LINKER_FLAGS_DEBUG: ""
      VCPKG_LINKER_FLAGS_RELEASE: ""
      VCPKG_PLATFORM_TOOLSET: "v145"
      VCPKG_PREFER_SYSTEM_LIBS: "OFF"
      VCPKG_SET_CHARSET_FLAG: "ON"
      VCPKG_TARGET_ARCHITECTURE: "x64"
      VCPKG_TARGET_TRIPLET: "x64-windows"
      Z_VCPKG_ROOT_DIR: "C:/Program Files/Microsoft Visual Studio/18/Community/VC/vcpkg"
    buildResult:
      variable: "HAVE_STDINT_H"
      cached: true
      stdout: |
        Change Dir: 'C:/Users/marce/source/repos/PortalDungeon/vcpkg_installed/x64-windows/vcpkg/blds/sdl2/x64-windows-dbg/CMakeFiles/CMakeScratch/TryCompile-lbh5uc'
        
        Run Build Command(s): C:/Users/marce/AppData/Local/vcpkg/downloads/tools/ninja/1.13.1-windows/ninja.exe -v cmTC_3430d
        [1/2] C:\\PROGRA~1\\MIB055~1\\18\\COMMUN~1\\VC\\Tools\\MSVC\\1450~1.357\\bin\\Hostx64\\x64\\cl.exe  /nologo   /nologo /DWIN32 /D_WINDOWS /utf-8 /MP   -D_GNU_SOURCE=1 /MDd /Z7 /Ob0 /Od /RTC1  -MDd /showIncludes /FoCMakeFiles\\cmTC_3430d.dir\\CheckIncludeFile.c.obj /FdCMakeFiles\\cmTC_3430d.dir\\ /FS -c C:\\Users\\marce\\source\\repos\\PortalDungeon\\vcpkg_installed\\x64-windows\\vcpkg\\blds\\sdl2\\x64-windows-dbg\\CMakeFiles\\CMakeScratch\\TryCompile-lbh5uc\\CheckIncludeFile.c
        [2/2] C:\\WINDOWS\\system32\\cmd.exe /C "cd . && C:\\Users\\marce\\AppData\\Local\\vcpkg\\downloads\\tools\\cmake-3.31.10-windows\\cmake-3.31.10-windows-x86_64\\bin\\cmake.exe -E vs_link_exe --msvc-ver=1950 --intdir=CMakeFiles\\cmTC_3430d.dir --rc=C:\\PROGRA~2\\WI3CF2~1\\10\\bin\\100261~1.0\\x64\\rc.exe --mt=C:\\PROGRA~2\\WI3CF2~1\\10\\bin\\100261~1.0\\x64\\mt.exe --manifests  -- C:\\PROGRA~1\\MIB055~1\\18\\COMMUN~1\\VC\\Tools\\MSVC\\1450~1.357\\bin\\Hostx64\\x64\\link.exe /nologo CMakeFiles\\cmTC_3430d.dir\\CheckIncludeFile.c.obj  /out:cmTC_3430d.exe /implib:cmTC_3430d.lib /pdb:cmTC_3430d.pdb /version:0.0 /machine:x64  /nologo    /debug /INCREMENTAL /subsystem:console  kernel32.lib user32.lib gdi32.lib winspool.lib shell32.lib ole32.lib oleaut32.lib uuid.lib comdlg32.lib advapi32.lib && cd ."
        
      exitCode: 0
  -
    kind: "try_compile-v1"
    backtrace:
      - "C:/Users/marce/AppData/Local/vcpkg/downloads/tools/cmake-3.31.10-windows/cmake-3.31.10-windows-x86_64/share/cmake-3.31/Modules/CheckSymbolExists.cmake:163 (try_compile)"
      - "C:/Users/marce/AppData/Local/vcpkg/downloads/tools/cmake-3.31.10-windows/cmake-3.31.10-windows-x86_64/share/cmake-3.31/Modules/CheckSymbolExists.cmake:68 (__CHECK_SYMBOL_EXISTS_IMPL)"
      - "CMakeLists.txt:1043 (check_symbol_exists)"
    checks:
      - "Looking for M_PI"
    directories:
      source: "C:/Users/marce/source/repos/PortalDungeon/vcpkg_installed/x64-windows/vcpkg/blds/sdl2/x64-windows-dbg/CMakeFiles/CMakeScratch/TryCompile-2jq40f"
      binary: "C:/Users/marce/source/repos/PortalDungeon/vcpkg_installed/x64-windows/vcpkg/blds/sdl2/x64-windows-dbg/CMakeFiles/CMakeScratch/TryCompile-2jq40f"
    cmakeVariables:
      CMAKE_C_FLAGS: " /nologo /DWIN32 /D_WINDOWS /utf-8 /MP "
      CMAKE_C_FLAGS_DEBUG: "/MDd /Z7 /Ob0 /Od /RTC1 "
      CMAKE_EXE_LINKER_FLAGS: "/machine:x64"
      CMAKE_MODULE_PATH: "C:/Users/marce/source/repos/PortalDungeon/vcpkg_installed/x64-windows/vcpkg/blds/sdl2/src/ase-2.32.8-cdefe94ced.clean/cmake"
      CMAKE_MSVC_DEBUG_INFORMATION_FORMAT: ""
      CMAKE_MSVC_RUNTIME_LIBRARY: "MultiThreaded$<$<CONFIG:Debug>:Debug>$<$<STREQUAL:dynamic,dynamic>:DLL>"
      VCPKG_CHAINLOAD_TOOLCHAIN_FILE: "C:/Program Files/Microsoft Visual Studio/18/Community/VC/vcpkg/scripts/toolchains/windows.cmake"
      VCPKG_CRT_LINKAGE: "dynamic"
      VCPKG_CXX_FLAGS: ""
      VCPKG_CXX_FLAGS_DEBUG: ""
      VCPKG_CXX_FLAGS_RELEASE: ""
      VCPKG_C_FLAGS: ""
      VCPKG_C_FLAGS_DEBUG: ""
      VCPKG_C_FLAGS_RELEASE: ""
      VCPKG_INSTALLED_DIR: "C:/Users/marce/source/repos/PortalDungeon/vcpkg_installed/x64-windows"
      VCPKG_LINKER_FLAGS: ""
      VCPKG_LINKER_FLAGS_DEBUG: ""
      VCPKG_LINKER_FLAGS_RELEASE: ""
      VCPKG_PLATFORM_TOOLSET: "v145"
      VCPKG_PREFER_SYSTEM_LIBS: "OFF"
      VCPKG_SET_CHARSET_FLAG: "ON"
      VCPKG_TARGET_ARCHITECTURE: "x64"
      VCPKG_TARGET_TRIPLET: "x64-windows"
      Z_VCPKG_ROOT_DIR: "C:/Program Files/Microsoft Visual Studio/18/Community/VC/vcpkg"
    buildResult:
      variable: "HAVE_M_PI"
      cached: true
      stdout: |
        Change Dir: 'C:/Users/marce/source/repos/PortalDungeon/vcpkg_installed/x64-windows/vcpkg/blds/sdl2/x64-windows-dbg/CMakeFiles/CMakeScratch/TryCompile-2jq40f'
        
        Run Build Command(s): C:/Users/marce/AppData/Local/vcpkg/downloads/tools/ninja/1.13.1-windows/ninja.exe -v cmTC_53b6d
        [1/2] C:\\PROGRA~1\\MIB055~1\\18\\COMMUN~1\\VC\\Tools\\MSVC\\1450~1.357\\bin\\Hostx64\\x64\\cl.exe  /nologo   /nologo /DWIN32 /D_WINDOWS /utf-8 /MP   -D_GNU_SOURCE=1 /MDd /Z7 /Ob0 /Od /RTC1  -MDd /showIncludes /FoCMakeFiles\\cmTC_53b6d.dir\\CheckSymbolExists.c.obj /FdCMakeFiles\\cmTC_53b6d.dir\\ /FS -c C:\\Users\\marce\\source\\repos\\PortalDungeon\\vcpkg_installed\\x64-windows\\vcpkg\\blds\\sdl2\\x64-windows-dbg\\CMakeFiles\\CMakeScratch\\TryCompile-2jq40f\\CheckSymbolExists.c
        FAILED: [code=2] CMakeFiles/cmTC_53b6d.dir/CheckSymbolExists.c.obj 
        C:\\PROGRA~1\\MIB055~1\\18\\COMMUN~1\\VC\\Tools\\MSVC\\1450~1.357\\bin\\Hostx64\\x64\\cl.exe  /nologo   /nologo /DWIN32 /D_WINDOWS /utf-8 /MP   -D_GNU_SOURCE=1 /MDd /Z7 /Ob0 /Od /RTC1  -MDd /showIncludes /FoCMakeFiles\\cmTC_53b6d.dir\\CheckSymbolExists.c.obj /FdCMakeFiles\\cmTC_53b6d.dir\\ /FS -c C:\\Users\\marce\\source\\repos\\PortalDungeon\\vcpkg_installed\\x64-windows\\vcpkg\\blds\\sdl2\\x64-windows-dbg\\CMakeFiles\\CMakeScratch\\TryCompile-2jq40f\\CheckSymbolExists.c
        C:\\Users\\marce\\source\\repos\\PortalDungeon\\vcpkg_installed\\x64-windows\\vcpkg\\blds\\sdl2\\x64-windows-dbg\\CMakeFiles\\CMakeScratch\\TryCompile-2jq40f\\CheckSymbolExists.c(8): error C2065: 'M_PI': undeclared identifier
        ninja: build stopped: subcommand failed.
        
      exitCode: 2
  -
    kind: "try_compile-v1"
    backtrace:
      - "C:/Users/marce/AppData/Local/vcpkg/downloads/tools/cmake-3.31.10-windows/cmake-3.31.10-windows-x86_64/share/cmake-3.31/Modules/Internal/CheckSourceCompiles.cmake:108 (try_compile)"
      - "C:/Users/marce/AppData/Local/vcpkg/downloads/tools/cmake-3.31.10-windows/cmake-3.31.10-windows-x86_64/share/cmake-3.31/Modules/CheckCSourceCompiles.cmake:58 (cmake_check_source_compiles)"
      - "CMakeLists.txt:1778 (check_c_source_compiles)"
    checks:
      - "Performing Test HAVE_WIN32_CC"
    directories:
      source: "C:/Users/marce/source/repos/PortalDungeon/vcpkg_installed/x64-windows/vcpkg/blds/sdl2/x64-windows-dbg/CMakeFiles/CMakeScratch/TryCompile-276vio"
      binary: "C:/Users/marce/source/repos/PortalDungeon/vcpkg_installed/x64-windows/vcpkg/blds/sdl2/x64-windows-dbg/CMakeFiles/CMakeScratch/TryCompile-276vio"
    cmakeVariables:
      CMAKE_C_FLAGS: " /nologo /DWIN32 /D_WINDOWS /utf-8 /MP "
      CMAKE_C_FLAGS_DEBUG: "/MDd /Z7 /Ob0 /Od /RTC1 "
      CMAKE_EXE_LINKER_FLAGS: "/machine:x64"
      CMAKE_MODULE_PATH: "C:/Users/marce/source/repos/PortalDungeon/vcpkg_installed/x64-windows/vcpkg/blds/sdl2/src/ase-2.32.8-cdefe94ced.clean/cmake"
      CMAKE_MSVC_DEBUG_INFORMATION_FORMAT: ""
      CMAKE_MSVC_RUNTIME_LIBRARY: "MultiThreaded$<$<CONFIG:Debug>:Debug>$<$<STREQUAL:dynamic,dynamic>:DLL>"
      VCPKG_CHAINLOAD_TOOLCHAIN_FILE: "C:/Program Files/Microsoft Visual Studio/18/Community/VC/vcpkg/scripts/toolchains/windows.cmake"
      VCPKG_CRT_LINKAGE: "dynamic"
      VCPKG_CXX_FLAGS: ""
      VCPKG_CXX_FLAGS_DEBUG: ""
      VCPKG_CXX_FLAGS_RELEASE: ""
      VCPKG_C_FLAGS: ""
      VCPKG_C_FLAGS_DEBUG: ""
      VCPKG_C_FLAGS_RELEASE: ""
      VCPKG_INSTALLED_DIR: "C:/Users/marce/source/repos/PortalDungeon/vcpkg_installed/x64-windows"
      VCPKG_LINKER_FLAGS: ""
      VCPKG_LINKER_FLAGS_DEBUG: ""
      VCPKG_LINKER_FLAGS_RELEASE: ""
      VCPKG_PLATFORM_TOOLSET: "v145"
      VCPKG_PREFER_SYSTEM_LIBS: "OFF"
      VCPKG_SET_CHARSET_FLAG: "ON"
      VCPKG_TARGET_ARCHITECTURE: "x64"
      VCPKG_TARGET_TRIPLET: "x64-windows"
      Z_VCPKG_ROOT_DIR: "C:/Program Files/Microsoft Visual Studio/18/Community/VC/vcpkg"
    buildResult:
      variable: "HAVE_WIN32_CC"
      cached: true
      stdout: |
        Change Dir: 'C:/Users/marce/source/repos/PortalDungeon/vcpkg_installed/x64-windows/vcpkg/blds/sdl2/x64-windows-dbg/CMakeFiles/CMakeScratch/TryCompile-276vio'
        
        Run Build Command(s): C:/Users/marce/AppData/Local/vcpkg/downloads/tools/ninja/1.13.1-windows/ninja.exe -v cmTC_144d0
        [1/2] C:\\PROGRA~1\\MIB055~1\\18\\COMMUN~1\\VC\\Tools\\MSVC\\1450~1.357\\bin\\Hostx64\\x64\\cl.exe  /nologo -DHAVE_WIN32_CC  /nologo /DWIN32 /D_WINDOWS /utf-8 /MP   -D_GNU_SOURCE=1 /MDd /Z7 /Ob0 /Od /RTC1  -MDd /showIncludes /FoCMakeFiles\\cmTC_144d0.dir\\src.c.obj /FdCMakeFiles\\cmTC_144d0.dir\\ /FS -c C:\\Users\\marce\\source\\repos\\PortalDungeon\\vcpkg_installed\\x64-windows\\vcpkg\\blds\\sdl2\\x64-windows-dbg\\CMakeFiles\\CMakeScratch\\TryCompile-276vio\\src.c
        [2/2] C:\\WINDOWS\\system32\\cmd.exe /C "cd . && C:\\Users\\marce\\AppData\\Local\\vcpkg\\downloads\\tools\\cmake-3.31.10-windows\\cmake-3.31.10-windows-x86_64\\bin\\cmake.exe -E vs_link_exe --msvc-ver=1950 --intdir=CMakeFiles\\cmTC_144d0.dir --rc=C:\\PROGRA~2\\WI3CF2~1\\10\\bin\\100261~1.0\\x64\\rc.exe --mt=C:\\PROGRA~2\\WI3CF2~1\\10\\bin\\100261~1.0\\x64\\mt.exe --manifests  -- C:\\PROGRA~1\\MIB055~1\\18\\COMMUN~1\\VC\\Tools\\MSVC\\1450~1.357\\bin\\Hostx64\\x64\\link.exe /nologo CMakeFiles\\cmTC_144d0.dir\\src.c.obj  /out:cmTC_144d0.exe /implib:cmTC_144d0.lib /pdb:cmTC_144d0.pdb /version:0.0 /machine:x64  /nologo    /debug /INCREMENTAL /subsystem:console  kernel32.lib user32.lib gdi32.lib winspool.lib shell32.lib ole32.lib oleaut32.lib uuid.lib comdlg32.lib advapi32.lib && cd ."
        
      exitCode: 0
  -
    kind: "try_compile-v1"
    backtrace:
      - "C:/Users/marce/AppData/Local/vcpkg/downloads/tools/cmake-3.31.10-windows/cmake-3.31.10-windows-x86_64/share/cmake-3.31/Modules/CheckIncludeFile.cmake:99 (try_compile)"
      - "CMakeLists.txt:1813 (check_include_file)"
    checks:
      - "Looking for d3d9.h"
    directories:
      source: "C:/Users/marce/source/repos/PortalDungeon/vcpkg_installed/x64-windows/vcpkg/blds/sdl2/x64-windows-dbg/CMakeFiles/CMakeScratch/TryCompile-s6rftm"
      binary: "C:/Users/marce/source/repos/PortalDungeon/vcpkg_installed/x64-windows/vcpkg/blds/sdl2/x64-windows-dbg/CMakeFiles/CMakeScratch/TryCompile-s6rftm"
    cmakeVariables:
      CMAKE_C_FLAGS: " /nologo /DWIN32 /D_WINDOWS /utf-8 /MP "
      CMAKE_C_FLAGS_DEBUG: "/MDd /Z7 /Ob0 /Od /RTC1 "
      CMAKE_EXE_LINKER_FLAGS: "/machine:x64"
      CMAKE_MODULE_PATH: "C:/Users/marce/source/repos/PortalDungeon/vcpkg_installed/x64-windows/vcpkg/blds/sdl2/src/ase-2.32.8-cdefe94ced.clean/cmake"
      CMAKE_MSVC_DEBUG_INFORMATION_FORMAT: ""
      CMAKE_MSVC_RUNTIME_LIBRARY: "MultiThreaded$<$<CONFIG:Debug>:Debug>$<$<STREQUAL:dynamic,dynamic>:DLL>"
      VCPKG_CHAINLOAD_TOOLCHAIN_FILE: "C:/Program Files/Microsoft Visual Studio/18/Community/VC/vcpkg/scripts/toolchains/windows.cmake"
      VCPKG_CRT_LINKAGE: "dynamic"
      VCPKG_CXX_FLAGS: ""
      VCPKG_CXX_FLAGS_DEBUG: ""
      VCPKG_CXX_FLAGS_RELEASE: ""
      VCPKG_C_FLAGS: ""
      VCPKG_C_FLAGS_DEBUG: ""
      VCPKG_C_FLAGS_RELEASE: ""
      VCPKG_INSTALLED_DIR: "C:/Users/marce/source/repos/PortalDungeon/vcpkg_installed/x64-windows"
      VCPKG_LINKER_FLAGS: ""
      VCPKG_LINKER_FLAGS_DEBUG: ""
      VCPKG_LINKER_FLAGS_RELEASE: ""
      VCPKG_PLATFORM_TOOLSET: "v145"
      VCPKG_PREFER_SYSTEM_LIBS: "OFF"
      VCPKG_SET_CHARSET_FLAG: "ON"
      VCPKG_TARGET_ARCHITECTURE: "x64"
      VCPKG_TARGET_TRIPLET: "x64-windows"
      Z_VCPKG_ROOT_DIR: "C:/Program Files/Microsoft Visual Studio/18/Community/VC/vcpkg"
    buildResult:
      variable: "HAVE_D3D_H"
      cached: true
      stdout: |
        Change Dir: 'C:/Users/marce/source/repos/PortalDungeon/vcpkg_installed/x64-windows/vcpkg/blds/sdl2/x64-windows-dbg/CMakeFiles/CMakeScratch/TryCompile-s6rftm'
        
        Run Build Command(s): C:/Users/marce/AppData/Local/vcpkg/downloads/tools/ninja/1.13.1-windows/ninja.exe -v cmTC_9f9fc
        [1/2] C:\\PROGRA~1\\MIB055~1\\18\\COMMUN~1\\VC\\Tools\\MSVC\\1450~1.357\\bin\\Hostx64\\x64\\cl.exe  /nologo   /nologo /DWIN32 /D_WINDOWS /utf-8 /MP   -D_GNU_SOURCE=1 /MDd /Z7 /Ob0 /Od /RTC1  -MDd /showIncludes /FoCMakeFiles\\cmTC_9f9fc.dir\\CheckIncludeFile.c.obj /FdCMakeFiles\\cmTC_9f9fc.dir\\ /FS -c C:\\Users\\marce\\source\\repos\\PortalDungeon\\vcpkg_installed\\x64-windows\\vcpkg\\blds\\sdl2\\x64-windows-dbg\\CMakeFiles\\CMakeScratch\\TryCompile-s6rftm\\CheckIncludeFile.c
        [2/2] C:\\WINDOWS\\system32\\cmd.exe /C "cd . && C:\\Users\\marce\\AppData\\Local\\vcpkg\\downloads\\tools\\cmake-3.31.10-windows\\cmake-3.31.10-windows-x86_64\\bin\\cmake.exe -E vs_link_exe --msvc-ver=1950 --intdir=CMakeFiles\\cmTC_9f9fc.dir --rc=C:\\PROGRA~2\\WI3CF2~1\\10\\bin\\100261~1.0\\x64\\rc.exe --mt=C:\\PROGRA~2\\WI3CF2~1\\10\\bin\\100261~1.0\\x64\\mt.exe --manifests  -- C:\\PROGRA~1\\MIB055~1\\18\\COMMUN~1\\VC\\Tools\\MSVC\\1450~1.357\\bin\\Hostx64\\x64\\link.exe /nologo CMakeFiles\\cmTC_9f9fc.dir\\CheckIncludeFile.c.obj  /out:cmTC_9f9fc.exe /implib:cmTC_9f9fc.lib /pdb:cmTC_9f9fc.pdb /version:0.0 /machine:x64  /nologo    /debug /INCREMENTAL /subsystem:console  kernel32.lib user32.lib gdi32.lib winspool.lib shell32.lib ole32.lib oleaut32.lib uuid.lib comdlg32.lib advapi32.lib && cd ."
        
      exitCode: 0
  -
    kind: "try_compile-v1"
    backtrace:
      - "C:/Users/marce/AppData/Local/vcpkg/downloads/tools/cmake-3.31.10-windows/cmake-3.31.10-windows-x86_64/share/cmake-3.31/Modules/CheckIncludeFile.cmake:99 (try_compile)"
      - "CMakeLists.txt:1814 (check_include_file)"
    checks:
      - "Looking for d3d11_1.h"
    directories:
      source: "C:/Users/marce/source/repos/PortalDungeon/vcpkg_installed/x64-windows/vcpkg/blds/sdl2/x64-windows-dbg/CMakeFiles/CMakeScratch/TryCompile-zah72i"
      binary: "C:/Users/marce/source/repos/PortalDungeon/vcpkg_installed/x64-windows/vcpkg/blds/sdl2/x64-windows-dbg/CMakeFiles/CMakeScratch/TryCompile-zah72i"
    cmakeVariables:
      CMAKE_C_FLAGS: " /nologo /DWIN32 /D_WINDOWS /utf-8 /MP "
      CMAKE_C_FLAGS_DEBUG: "/MDd /Z7 /Ob0 /Od /RTC1 "
      CMAKE_EXE_LINKER_FLAGS: "/machine:x64"
      CMAKE_MODULE_PATH: "C:/Users/marce/source/repos/PortalDungeon/vcpkg_installed/x64-windows/vcpkg/blds/sdl2/src/ase-2.32.8-cdefe94ced.clean/cmake"
      CMAKE_MSVC_DEBUG_INFORMATION_FORMAT: ""
      CMAKE_MSVC_RUNTIME_LIBRARY: "MultiThreaded$<$<CONFIG:Debug>:Debug>$<$<STREQUAL:dynamic,dynamic>:DLL>"
      VCPKG_CHAINLOAD_TOOLCHAIN_FILE: "C:/Program Files/Microsoft Visual Studio/18/Community/VC/vcpkg/scripts/toolchains/windows.cmake"
      VCPKG_CRT_LINKAGE: "dynamic"
      VCPKG_CXX_FLAGS: ""
      VCPKG_CXX_FLAGS_DEBUG: ""
      VCPKG_CXX_FLAGS_RELEASE: ""
      VCPKG_C_FLAGS: ""
      VCPKG_C_FLAGS_DEBUG: ""
      VCPKG_C_FLAGS_RELEASE: ""
      VCPKG_INSTALLED_DIR: "C:/Users/marce/source/repos/PortalDungeon/vcpkg_installed/x64-windows"
      VCPKG_LINKER_FLAGS: ""
      VCPKG_LINKER_FLAGS_DEBUG: ""
      VCPKG_LINKER_FLAGS_RELEASE: ""
      VCPKG_PLATFORM_TOOLSET: "v145"
      VCPKG_PREFER_SYSTEM_LIBS: "OFF"
      VCPKG_SET_CHARSET_FLAG: "ON"
      VCPKG_TARGET_ARCHITECTURE: "x64"
      VCPKG_TARGET_TRIPLET: "x64-windows"
      Z_VCPKG_ROOT_DIR: "C:/Program Files/Microsoft Visual Studio/18/Community/VC/vcpkg"
    buildResult:
      variable: "HAVE_D3D11_H"
      cached: true
      stdout: |
        Change Dir: 'C:/Users/marce/source/repos/PortalDungeon/vcpkg_installed/x64-windows/vcpkg/blds/sdl2/x64-windows-dbg/CMakeFiles/CMakeScratch/TryCompile-zah72i'
        
        Run Build Command(s): C:/Users/marce/AppData/Local/vcpkg/downloads/tools/ninja/1.13.1-windows/ninja.exe -v cmTC_e4c60
        [1/2] C:\\PROGRA~1\\MIB055~1\\18\\COMMUN~1\\VC\\Tools\\MSVC\\1450~1.357\\bin\\Hostx64\\x64\\cl.exe  /nologo   /nologo /DWIN32 /D_WINDOWS /utf-8 /MP   -D_GNU_SOURCE=1 /MDd /Z7 /Ob0 /Od /RTC1  -MDd /showIncludes /FoCMakeFiles\\cmTC_e4c60.dir\\CheckIncludeFile.c.obj /FdCMakeFiles\\cmTC_e4c60.dir\\ /FS -c C:\\Users\\marce\\source\\repos\\PortalDungeon\\vcpkg_installed\\x64-windows\\vcpkg\\blds\\sdl2\\x64-windows-dbg\\CMakeFiles\\CMakeScratch\\TryCompile-zah72i\\CheckIncludeFile.c
        [2/2] C:\\WINDOWS\\system32\\cmd.exe /C "cd . && C:\\Users\\marce\\AppData\\Local\\vcpkg\\downloads\\tools\\cmake-3.31.10-windows\\cmake-3.31.10-windows-x86_64\\bin\\cmake.exe -E vs_link_exe --msvc-ver=1950 --intdir=CMakeFiles\\cmTC_e4c60.dir --rc=C:\\PROGRA~2\\WI3CF2~1\\10\\bin\\100261~1.0\\x64\\rc.exe --mt=C:\\PROGRA~2\\WI3CF2~1\\10\\bin\\100261~1.0\\x64\\mt.exe --manifests  -- C:\\PROGRA~1\\MIB055~1\\18\\COMMUN~1\\VC\\Tools\\MSVC\\1450~1.357\\bin\\Hostx64\\x64\\link.exe /nologo CMakeFiles\\cmTC_e4c60.dir\\CheckIncludeFile.c.obj  /out:cmTC_e4c60.exe /implib:cmTC_e4c60.lib /pdb:cmTC_e4c60.pdb /version:0.0 /machine:x64  /nologo    /debug /INCREMENTAL /subsystem:console  kernel32.lib user32.lib gdi32.lib winspool.lib shell32.lib ole32.lib oleaut32.lib uuid.lib comdlg32.lib advapi32.lib && cd ."
        
      exitCode: 0
  -
    kind: "try_compile-v1"
    backtrace:
      - "C:/Users/marce/AppData/Local/vcpkg/downloads/tools/cmake-3.31.10-windows/cmake-3.31.10-windows-x86_64/share/cmake-3.31/Modules/Internal/CheckSourceCompiles.cmake:108 (try_compile)"
      - "C:/Users/marce/AppData/Local/vcpkg/downloads/tools/cmake-3.31.10-windows/cmake-3.31.10-windows-x86_64/share/cmake-3.31/Modules/CheckCSourceCompiles.cmake:58 (cmake_check_source_compiles)"
      - "CMakeLists.txt:1815 (check_c_source_compiles)"
    checks:
      - "Performing Test HAVE_D3D12_H"
    directories:
      source: "C:/Users/marce/source/repos/PortalDungeon/vcpkg_installed/x64-windows/vcpkg/blds/sdl2/x64-windows-dbg/CMakeFiles/CMakeScratch/TryCompile-u9urtx"
      binary: "C:/Users/marce/source/repos/PortalDungeon/vcpkg_installed/x64-windows/vcpkg/blds/sdl2/x64-windows-dbg/CMakeFiles/CMakeScratch/TryCompile-u9urtx"
    cmakeVariables:
      CMAKE_C_FLAGS: " /nologo /DWIN32 /D_WINDOWS /utf-8 /MP "
      CMAKE_C_FLAGS_DEBUG: "/MDd /Z7 /Ob0 /Od /RTC1 "
      CMAKE_EXE_LINKER_FLAGS: "/machine:x64"
      CMAKE_MODULE_PATH: "C:/Users/marce/source/repos/PortalDungeon/vcpkg_installed/x64-windows/vcpkg/blds/sdl2/src/ase-2.32.8-cdefe94ced.clean/cmake"
      CMAKE_MSVC_DEBUG_INFORMATION_FORMAT: ""
      CMAKE_MSVC_RUNTIME_LIBRARY: "MultiThreaded$<$<CONFIG:Debug>:Debug>$<$<STREQUAL:dynamic,dynamic>:DLL>"
      VCPKG_CHAINLOAD_TOOLCHAIN_FILE: "C:/Program Files/Microsoft Visual Studio/18/Community/VC/vcpkg/scripts/toolchains/windows.cmake"
      VCPKG_CRT_LINKAGE: "dynamic"
      VCPKG_CXX_FLAGS: ""
      VCPKG_CXX_FLAGS_DEBUG: ""
      VCPKG_CXX_FLAGS_RELEASE: ""
      VCPKG_C_FLAGS: ""
      VCPKG_C_FLAGS_DEBUG: ""
      VCPKG_C_FLAGS_RELEASE: ""
      VCPKG_INSTALLED_DIR: "C:/Users/marce/source/repos/PortalDungeon/vcpkg_installed/x64-windows"
      VCPKG_LINKER_FLAGS: ""
      VCPKG_LINKER_FLAGS_DEBUG: ""
      VCPKG_LINKER_FLAGS_RELEASE: ""
      VCPKG_PLATFORM_TOOLSET: "v145"
      VCPKG_PREFER_SYSTEM_LIBS: "OFF"
      VCPKG_SET_CHARSET_FLAG: "ON"
      VCPKG_TARGET_ARCHITECTURE: "x64"
      VCPKG_TARGET_TRIPLET: "x64-windows"
      Z_VCPKG_ROOT_DIR: "C:/Program Files/Microsoft Visual Studio/18/Community/VC/vcpkg"
    buildResult:
      variable: "HAVE_D3D12_H"
      cached: true
      stdout: |
        Change Dir: 'C:/Users/marce/source/repos/PortalDungeon/vcpkg_installed/x64-windows/vcpkg/blds/sdl2/x64-windows-dbg/CMakeFiles/CMakeScratch/TryCompile-u9urtx'
        
        Run Build Command(s): C:/Users/marce/AppData/Local/vcpkg/downloads/tools/ninja/1.13.1-windows/ninja.exe -v cmTC_44955
        [1/2] C:\\PROGRA~1\\MIB055~1\\18\\COMMUN~1\\VC\\Tools\\MSVC\\1450~1.357\\bin\\Hostx64\\x64\\cl.exe  /nologo -DHAVE_D3D12_H  /nologo /DWIN32 /D_WINDOWS /utf-8 /MP   -D_GNU_SOURCE=1 /MDd /Z7 /Ob0 /Od /RTC1  -MDd /showIncludes /FoCMakeFiles\\cmTC_44955.dir\\src.c.obj /FdCMakeFiles\\cmTC_44955.dir\\ /FS -c C:\\Users\\marce\\source\\repos\\PortalDungeon\\vcpkg_installed\\x64-windows\\vcpkg\\blds\\sdl2\\x64-windows-dbg\\CMakeFiles\\CMakeScratch\\TryCompile-u9urtx\\src.c
        [2/2] C:\\WINDOWS\\system32\\cmd.exe /C "cd . && C:\\Users\\marce\\AppData\\Local\\vcpkg\\downloads\\tools\\cmake-3.31.10-windows\\cmake-3.31.10-windows-x86_64\\bin\\cmake.exe -E vs_link_exe --msvc-ver=1950 --intdir=CMakeFiles\\cmTC_44955.dir --rc=C:\\PROGRA~2\\WI3CF2~1\\10\\bin\\100261~1.0\\x64\\rc.exe --mt=C:\\PROGRA~2\\WI3CF2~1\\10\\bin\\100261~1.0\\x64\\mt.exe --manifests  -- C:\\PROGRA~1\\MIB055~1\\18\\COMMUN~1\\VC\\Tools\\MSVC\\1450~1.357\\bin\\Hostx64\\x64\\link.exe /nologo CMakeFiles\\cmTC_44955.dir\\src.c.obj  /out:cmTC_44955.exe /implib:cmTC_44955.lib /pdb:cmTC_44955.pdb /version:0.0 /machine:x64  /nologo    /debug /INCREMENTAL /subsystem:console  kernel32.lib user32.lib gdi32.lib winspool.lib shell32.lib ole32.lib oleaut32.lib uuid.lib comdlg32.lib advapi32.lib && cd ."
        
      exitCode: 0
  -
    kind: "try_compile-v1"
    backtrace:
      - "C:/Users/marce/AppData/Local/vcpkg/downloads/tools/cmake-3.31.10-windows/cmake-3.31.10-windows-x86_64/share/cmake-3.31/Modules/CheckIncludeFile.cmake:99 (try_compile)"
      - "CMakeLists.txt:1821 (check_include_file)"
    checks:
      - "Looking for ddraw.h"
    directories:
      source: "C:/Users/marce/source/repos/PortalDungeon/vcpkg_installed/x64-windows/vcpkg/blds/sdl2/x64-windows-dbg/CMakeFiles/CMakeScratch/TryCompile-vr3aqs"
      binary: "C:/Users/marce/source/repos/PortalDungeon/vcpkg_installed/x64-windows/vcpkg/blds/sdl2/x64-windows-dbg/CMakeFiles/CMakeScratch/TryCompile-vr3aqs"
    cmakeVariables:
      CMAKE_C_FLAGS: " /nologo /DWIN32 /D_WINDOWS /utf-8 /MP "
      CMAKE_C_FLAGS_DEBUG: "/MDd /Z7 /Ob0 /Od /RTC1 "
      CMAKE_EXE_LINKER_FLAGS: "/machine:x64"
      CMAKE_MODULE_PATH: "C:/Users/marce/source/repos/PortalDungeon/vcpkg_installed/x64-windows/vcpkg/blds/sdl2/src/ase-2.32.8-cdefe94ced.clean/cmake"
      CMAKE_MSVC_DEBUG_INFORMATION_FORMAT: ""
      CMAKE_MSVC_RUNTIME_LIBRARY: "MultiThreaded$<$<CONFIG:Debug>:Debug>$<$<STREQUAL:dynamic,dynamic>:DLL>"
      VCPKG_CHAINLOAD_TOOLCHAIN_FILE: "C:/Program Files/Microsoft Visual Studio/18/Community/VC/vcpkg/scripts/toolchains/windows.cmake"
      VCPKG_CRT_LINKAGE: "dynamic"
      VCPKG_CXX_FLAGS: ""
      VCPKG_CXX_FLAGS_DEBUG: ""
      VCPKG_CXX_FLAGS_RELEASE: ""
      VCPKG_C_FLAGS: ""
      VCPKG_C_FLAGS_DEBUG: ""
      VCPKG_C_FLAGS_RELEASE: ""
      VCPKG_INSTALLED_DIR: "C:/Users/marce/source/repos/PortalDungeon/vcpkg_installed/x64-windows"
      VCPKG_LINKER_FLAGS: ""
      VCPKG_LINKER_FLAGS_DEBUG: ""
      VCPKG_LINKER_FLAGS_RELEASE: ""
      VCPKG_PLATFORM_TOOLSET: "v145"
      VCPKG_PREFER_SYSTEM_LIBS: "OFF"
      VCPKG_SET_CHARSET_FLAG: "ON"
      VCPKG_TARGET_ARCHITECTURE: "x64"
      VCPKG_TARGET_TRIPLET: "x64-windows"
      Z_VCPKG_ROOT_DIR: "C:/Program Files/Microsoft Visual Studio/18/Community/VC/vcpkg"
    buildResult:
      variable: "HAVE_DDRAW_H"
      cached: true
      stdout: |
        Change Dir: 'C:/Users/marce/source/repos/PortalDungeon/vcpkg_installed/x64-windows/vcpkg/blds/sdl2/x64-windows-dbg/CMakeFiles/CMakeScratch/TryCompile-vr3aqs'
        
        Run Build Command(s): C:/Users/marce/AppData/Local/vcpkg/downloads/tools/ninja/1.13.1-windows/ninja.exe -v cmTC_332c0
        [1/2] C:\\PROGRA~1\\MIB055~1\\18\\COMMUN~1\\VC\\Tools\\MSVC\\1450~1.357\\bin\\Hostx64\\x64\\cl.exe  /nologo   /nologo /DWIN32 /D_WINDOWS /utf-8 /MP   -D_GNU_SOURCE=1 /MDd /Z7 /Ob0 /Od /RTC1  -MDd /showIncludes /FoCMakeFiles\\cmTC_332c0.dir\\CheckIncludeFile.c.obj /FdCMakeFiles\\cmTC_332c0.dir\\ /FS -c C:\\Users\\marce\\source\\repos\\PortalDungeon\\vcpkg_installed\\x64-windows\\vcpkg\\blds\\sdl2\\x64-windows-dbg\\CMakeFiles\\CMakeScratch\\TryCompile-vr3aqs\\CheckIncludeFile.c
        [2/2] C:\\WINDOWS\\system32\\cmd.exe /C "cd . && C:\\Users\\marce\\AppData\\Local\\vcpkg\\downloads\\tools\\cmake-3.31.10-windows\\cmake-3.31.10-windows-x86_64\\bin\\cmake.exe -E vs_link_exe --msvc-ver=1950 --intdir=CMakeFiles\\cmTC_332c0.dir --rc=C:\\PROGRA~2\\WI3CF2~1\\10\\bin\\100261~1.0\\x64\\rc.exe --mt=C:\\PROGRA~2\\WI3CF2~1\\10\\bin\\100261~1.0\\x64\\mt.exe --manifests  -- C:\\PROGRA~1\\MIB055~1\\18\\COMMUN~1\\VC\\Tools\\MSVC\\1450~1.357\\bin\\Hostx64\\x64\\link.exe /nologo CMakeFiles\\cmTC_332c0.dir\\CheckIncludeFile.c.obj  /out:cmTC_332c0.exe /implib:cmTC_332c0.lib /pdb:cmTC_332c0.pdb /version:0.0 /machine:x64  /nologo    /debug /INCREMENTAL /subsystem:console  kernel32.lib user32.lib gdi32.lib winspool.lib shell32.lib ole32.lib oleaut32.lib uuid.lib comdlg32.lib advapi32.lib && cd ."
        
      exitCode: 0
  -
    kind: "try_compile-v1"
    backtrace:
      - "C:/Users/marce/AppData/Local/vcpkg/downloads/tools/cmake-3.31.10-windows/cmake-3.31.10-windows-x86_64/share/cmake-3.31/Modules/CheckIncludeFile.cmake:99 (try_compile)"
      - "CMakeLists.txt:1822 (check_include_file)"
    checks:
      - "Looking for dsound.h"
    directories:
      source: "C:/Users/marce/source/repos/PortalDungeon/vcpkg_installed/x64-windows/vcpkg/blds/sdl2/x64-windows-dbg/CMakeFiles/CMakeScratch/TryCompile-cezmj7"
      binary: "C:/Users/marce/source/repos/PortalDungeon/vcpkg_installed/x64-windows/vcpkg/blds/sdl2/x64-windows-dbg/CMakeFiles/CMakeScratch/TryCompile-cezmj7"
    cmakeVariables:
      CMAKE_C_FLAGS: " /nologo /DWIN32 /D_WINDOWS /utf-8 /MP "
      CMAKE_C_FLAGS_DEBUG: "/MDd /Z7 /Ob0 /Od /RTC1 "
      CMAKE_EXE_LINKER_FLAGS: "/machine:x64"
      CMAKE_MODULE_PATH: "C:/Users/marce/source/repos/PortalDungeon/vcpkg_installed/x64-windows/vcpkg/blds/sdl2/src/ase-2.32.8-cdefe94ced.clean/cmake"
      CMAKE_MSVC_DEBUG_INFORMATION_FORMAT: ""
      CMAKE_MSVC_RUNTIME_LIBRARY: "MultiThreaded$<$<CONFIG:Debug>:Debug>$<$<STREQUAL:dynamic,dynamic>:DLL>"
      VCPKG_CHAINLOAD_TOOLCHAIN_FILE: "C:/Program Files/Microsoft Visual Studio/18/Community/VC/vcpkg/scripts/toolchains/windows.cmake"
      VCPKG_CRT_LINKAGE: "dynamic"
      VCPKG_CXX_FLAGS: ""
      VCPKG_CXX_FLAGS_DEBUG: ""
      VCPKG_CXX_FLAGS_RELEASE: ""
      VCPKG_C_FLAGS: ""
      VCPKG_C_FLAGS_DEBUG: ""
      VCPKG_C_FLAGS_RELEASE: ""
      VCPKG_INSTALLED_DIR: "C:/Users/marce/source/repos/PortalDungeon/vcpkg_installed/x64-windows"
      VCPKG_LINKER_FLAGS: ""
      VCPKG_LINKER_FLAGS_DEBUG: ""
      VCPKG_LINKER_FLAGS_RELEASE: ""
      VCPKG_PLATFORM_TOOLSET: "v145"
      VCPKG_PREFER_SYSTEM_LIBS: "OFF"
      VCPKG_SET_CHARSET_FLAG: "ON"
      VCPKG_TARGET_ARCHITECTURE: "x64"
      VCPKG_TARGET_TRIPLET: "x64-windows"
      Z_VCPKG_ROOT_DIR: "C:/Program Files/Microsoft Visual Studio/18/Community/VC/vcpkg"
    buildResult:
      variable: "HAVE_DSOUND_H"
      cached: true
      stdout: |
        Change Dir: 'C:/Users/marce/source/repos/PortalDungeon/vcpkg_installed/x64-windows/vcpkg/blds/sdl2/x64-windows-dbg/CMakeFiles/CMakeScratch/TryCompile-cezmj7'
        
        Run Build Command(s): C:/Users/marce/AppData/Local/vcpkg/downloads/tools/ninja/1.13.1-windows/ninja.exe -v cmTC_df5a3
        [1/2] C:\\PROGRA~1\\MIB055~1\\18\\COMMUN~1\\VC\\Tools\\MSVC\\1450~1.357\\bin\\Hostx64\\x64\\cl.exe  /nologo   /nologo /DWIN32 /D_WINDOWS /utf-8 /MP   -D_GNU_SOURCE=1 /MDd /Z7 /Ob0 /Od /RTC1  -MDd /showIncludes /FoCMakeFiles\\cmTC_df5a3.dir\\CheckIncludeFile.c.obj /FdCMakeFiles\\cmTC_df5a3.dir\\ /FS -c C:\\Users\\marce\\source\\repos\\PortalDungeon\\vcpkg_installed\\x64-windows\\vcpkg\\blds\\sdl2\\x64-windows-dbg\\CMakeFiles\\CMakeScratch\\TryCompile-cezmj7\\CheckIncludeFile.c
        [2/2] C:\\WINDOWS\\system32\\cmd.exe /C "cd . && C:\\Users\\marce\\AppData\\Local\\vcpkg\\downloads\\tools\\cmake-3.31.10-windows\\cmake-3.31.10-windows-x86_64\\bin\\cmake.exe -E vs_link_exe --msvc-ver=1950 --intdir=CMakeFiles\\cmTC_df5a3.dir --rc=C:\\PROGRA~2\\WI3CF2~1\\10\\bin\\100261~1.0\\x64\\rc.exe --mt=C:\\PROGRA~2\\WI3CF2~1\\10\\bin\\100261~1.0\\x64\\mt.exe --manifests  -- C:\\PROGRA~1\\MIB055~1\\18\\COMMUN~1\\VC\\Tools\\MSVC\\1450~1.357\\bin\\Hostx64\\x64\\link.exe /nologo CMakeFiles\\cmTC_df5a3.dir\\CheckIncludeFile.c.obj  /out:cmTC_df5a3.exe /implib:cmTC_df5a3.lib /pdb:cmTC_df5a3.pdb /version:0.0 /machine:x64  /nologo    /debug /INCREMENTAL /subsystem:console  kernel32.lib user32.lib gdi32.lib winspool.lib shell32.lib ole32.lib oleaut32.lib uuid.lib comdlg32.lib advapi32.lib && cd ."
        
      exitCode: 0
  -
    kind: "try_compile-v1"
    backtrace:
      - "C:/Users/marce/AppData/Local/vcpkg/downloads/tools/cmake-3.31.10-windows/cmake-3.31.10-windows-x86_64/share/cmake-3.31/Modules/CheckIncludeFile.cmake:99 (try_compile)"
      - "CMakeLists.txt:1823 (check_include_file)"
    checks:
      - "Looking for dinput.h"
    directories:
      source: "C:/Users/marce/source/repos/PortalDungeon/vcpkg_installed/x64-windows/vcpkg/blds/sdl2/x64-windows-dbg/CMakeFiles/CMakeScratch/TryCompile-vmutpy"
      binary: "C:/Users/marce/source/repos/PortalDungeon/vcpkg_installed/x64-windows/vcpkg/blds/sdl2/x64-windows-dbg/CMakeFiles/CMakeScratch/TryCompile-vmutpy"
    cmakeVariables:
      CMAKE_C_FLAGS: " /nologo /DWIN32 /D_WINDOWS /utf-8 /MP "
      CMAKE_C_FLAGS_DEBUG: "/MDd /Z7 /Ob0 /Od /RTC1 "
      CMAKE_EXE_LINKER_FLAGS: "/machine:x64"
      CMAKE_MODULE_PATH: "C:/Users/marce/source/repos/PortalDungeon/vcpkg_installed/x64-windows/vcpkg/blds/sdl2/src/ase-2.32.8-cdefe94ced.clean/cmake"
      CMAKE_MSVC_DEBUG_INFORMATION_FORMAT: ""
      CMAKE_MSVC_RUNTIME_LIBRARY: "MultiThreaded$<$<CONFIG:Debug>:Debug>$<$<STREQUAL:dynamic,dynamic>:DLL>"
      VCPKG_CHAINLOAD_TOOLCHAIN_FILE: "C:/Program Files/Microsoft Visual Studio/18/Community/VC/vcpkg/scripts/toolchains/windows.cmake"
      VCPKG_CRT_LINKAGE: "dynamic"
      VCPKG_CXX_FLAGS: ""
      VCPKG_CXX_FLAGS_DEBUG: ""
      VCPKG_CXX_FLAGS_RELEASE: ""
      VCPKG_C_FLAGS: ""
      VCPKG_C_FLAGS_DEBUG: ""
      VCPKG_C_FLAGS_RELEASE: ""
      VCPKG_INSTALLED_DIR: "C:/Users/marce/source/repos/PortalDungeon/vcpkg_installed/x64-windows"
      VCPKG_LINKER_FLAGS: ""
      VCPKG_LINKER_FLAGS_DEBUG: ""
      VCPKG_LINKER_FLAGS_RELEASE: ""
      VCPKG_PLATFORM_TOOLSET: "v145"
      VCPKG_PREFER_SYSTEM_LIBS: "OFF"
      VCPKG_SET_CHARSET_FLAG: "ON"
      VCPKG_TARGET_ARCHITECTURE: "x64"
      VCPKG_TARGET_TRIPLET: "x64-windows"
      Z_VCPKG_ROOT_DIR: "C:/Program Files/Microsoft Visual Studio/18/Community/VC/vcpkg"
    buildResult:
      variable: "HAVE_DINPUT_H"
      cached: true
      stdout: |
        Change Dir: 'C:/Users/marce/source/repos/PortalDungeon/vcpkg_installed/x64-windows/vcpkg/blds/sdl2/x64-windows-dbg/CMakeFiles/CMakeScratch/TryCompile-vmutpy'
        
        Run Build Command(s): C:/Users/marce/AppData/Local/vcpkg/downloads/tools/ninja/1.13.1-windows/ninja.exe -v cmTC_6a9a3
        [1/2] C:\\PROGRA~1\\MIB055~1\\18\\COMMUN~1\\VC\\Tools\\MSVC\\1450~1.357\\bin\\Hostx64\\x64\\cl.exe  /nologo   /nologo /DWIN32 /D_WINDOWS /utf-8 /MP   -D_GNU_SOURCE=1 /MDd /Z7 /Ob0 /Od /RTC1  -MDd /showIncludes /FoCMakeFiles\\cmTC_6a9a3.dir\\CheckIncludeFile.c.obj /FdCMakeFiles\\cmTC_6a9a3.dir\\ /FS -c C:\\Users\\marce\\source\\repos\\PortalDungeon\\vcpkg_installed\\x64-windows\\vcpkg\\blds\\sdl2\\x64-windows-dbg\\CMakeFiles\\CMakeScratch\\TryCompile-vmutpy\\CheckIncludeFile.c
        C:\\Program Files (x86)\\Windows Kits\\10\\include\\10.0.26100.0\\um\\dinput.h: DIRECTINPUT_VERSION undefined. Defaulting to version 0x0800
        [2/2] C:\\WINDOWS\\system32\\cmd.exe /C "cd . && C:\\Users\\marce\\AppData\\Local\\vcpkg\\downloads\\tools\\cmake-3.31.10-windows\\cmake-3.31.10-windows-x86_64\\bin\\cmake.exe -E vs_link_exe --msvc-ver=1950 --intdir=CMakeFiles\\cmTC_6a9a3.dir --rc=C:\\PROGRA~2\\WI3CF2~1\\10\\bin\\100261~1.0\\x64\\rc.exe --mt=C:\\PROGRA~2\\WI3CF2~1\\10\\bin\\100261~1.0\\x64\\mt.exe --manifests  -- C:\\PROGRA~1\\MIB055~1\\18\\COMMUN~1\\VC\\Tools\\MSVC\\1450~1.357\\bin\\Hostx64\\x64\\link.exe /nologo CMakeFiles\\cmTC_6a9a3.dir\\CheckIncludeFile.c.obj  /out:cmTC_6a9a3.exe /implib:cmTC_6a9a3.lib /pdb:cmTC_6a9a3.pdb /version:0.0 /machine:x64  /nologo    /debug /INCREMENTAL /subsystem:console  kernel32.lib user32.lib gdi32.lib winspool.lib shell32.lib ole32.lib oleaut32.lib uuid.lib comdlg32.lib advapi32.lib && cd ."
        
      exitCode: 0
  -
    kind: "try_compile-v1"
    backtrace:
      - "C:/Users/marce/AppData/Local/vcpkg/downloads/tools/cmake-3.31.10-windows/cmake-3.31.10-windows-x86_64/share/cmake-3.31/Modules/CheckIncludeFile.cmake:99 (try_compile)"
      - "CMakeLists.txt:1827 (check_include_file)"
    checks:
      - "Looking for dxgi.h"
    directories:
      source: "C:/Users/marce/source/repos/PortalDungeon/vcpkg_installed/x64-windows/vcpkg/blds/sdl2/x64-windows-dbg/CMakeFiles/CMakeScratch/TryCompile-51of9o"
      binary: "C:/Users/marce/source/repos/PortalDungeon/vcpkg_installed/x64-windows/vcpkg/blds/sdl2/x64-windows-dbg/CMakeFiles/CMakeScratch/TryCompile-51of9o"
    cmakeVariables:
      CMAKE_C_FLAGS: " /nologo /DWIN32 /D_WINDOWS /utf-8 /MP "
      CMAKE_C_FLAGS_DEBUG: "/MDd /Z7 /Ob0 /Od /RTC1 "
      CMAKE_EXE_LINKER_FLAGS: "/machine:x64"
      CMAKE_MODULE_PATH: "C:/Users/marce/source/repos/PortalDungeon/vcpkg_installed/x64-windows/vcpkg/blds/sdl2/src/ase-2.32.8-cdefe94ced.clean/cmake"
      CMAKE_MSVC_DEBUG_INFORMATION_FORMAT: ""
      CMAKE_MSVC_RUNTIME_LIBRARY: "MultiThreaded$<$<CONFIG:Debug>:Debug>$<$<STREQUAL:dynamic,dynamic>:DLL>"
      VCPKG_CHAINLOAD_TOOLCHAIN_FILE: "C:/Program Files/Microsoft Visual Studio/18/Community/VC/vcpkg/scripts/toolchains/windows.cmake"
      VCPKG_CRT_LINKAGE: "dynamic"
      VCPKG_CXX_FLAGS: ""
      VCPKG_CXX_FLAGS_DEBUG: ""
      VCPKG_CXX_FLAGS_RELEASE: ""
      VCPKG_C_FLAGS: ""
      VCPKG_C_FLAGS_DEBUG: ""
      VCPKG_C_FLAGS_RELEASE: ""
      VCPKG_INSTALLED_DIR: "C:/Users/marce/source/repos/PortalDungeon/vcpkg_installed/x64-windows"
      VCPKG_LINKER_FLAGS: ""
      VCPKG_LINKER_FLAGS_DEBUG: ""
      VCPKG_LINKER_FLAGS_RELEASE: ""
      VCPKG_PLATFORM_TOOLSET: "v145"
      VCPKG_PREFER_SYSTEM_LIBS: "OFF"
      VCPKG_SET_CHARSET_FLAG: "ON"
      VCPKG_TARGET_ARCHITECTURE: "x64"
      VCPKG_TARGET_TRIPLET: "x64-windows"
      Z_VCPKG_ROOT_DIR: "C:/Program Files/Microsoft Visual Studio/18/Community/VC/vcpkg"
    buildResult:
      variable: "HAVE_DXGI_H"
      cached: true
      stdout: |
        Change Dir: 'C:/Users/marce/source/repos/PortalDungeon/vcpkg_installed/x64-windows/vcpkg/blds/sdl2/x64-windows-dbg/CMakeFiles/CMakeScratch/TryCompile-51of9o'
        
        Run Build Command(s): C:/Users/marce/AppData/Local/vcpkg/downloads/tools/ninja/1.13.1-windows/ninja.exe -v cmTC_acba4
        [1/2] C:\\PROGRA~1\\MIB055~1\\18\\COMMUN~1\\VC\\Tools\\MSVC\\1450~1.357\\bin\\Hostx64\\x64\\cl.exe  /nologo   /nologo /DWIN32 /D_WINDOWS /utf-8 /MP   -D_GNU_SOURCE=1 /MDd /Z7 /Ob0 /Od /RTC1  -MDd /showIncludes /FoCMakeFiles\\cmTC_acba4.dir\\CheckIncludeFile.c.obj /FdCMakeFiles\\cmTC_acba4.dir\\ /FS -c C:\\Users\\marce\\source\\repos\\PortalDungeon\\vcpkg_installed\\x64-windows\\vcpkg\\blds\\sdl2\\x64-windows-dbg\\CMakeFiles\\CMakeScratch\\TryCompile-51of9o\\CheckIncludeFile.c
        [2/2] C:\\WINDOWS\\system32\\cmd.exe /C "cd . && C:\\Users\\marce\\AppData\\Local\\vcpkg\\downloads\\tools\\cmake-3.31.10-windows\\cmake-3.31.10-windows-x86_64\\bin\\cmake.exe -E vs_link_exe --msvc-ver=1950 --intdir=CMakeFiles\\cmTC_acba4.dir --rc=C:\\PROGRA~2\\WI3CF2~1\\10\\bin\\100261~1.0\\x64\\rc.exe --mt=C:\\PROGRA~2\\WI3CF2~1\\10\\bin\\100261~1.0\\x64\\mt.exe --manifests  -- C:\\PROGRA~1\\MIB055~1\\18\\COMMUN~1\\VC\\Tools\\MSVC\\1450~1.357\\bin\\Hostx64\\x64\\link.exe /nologo CMakeFiles\\cmTC_acba4.dir\\CheckIncludeFile.c.obj  /out:cmTC_acba4.exe /implib:cmTC_acba4.lib /pdb:cmTC_acba4.pdb /version:0.0 /machine:x64  /nologo    /debug /INCREMENTAL /subsystem:console  kernel32.lib user32.lib gdi32.lib winspool.lib shell32.lib ole32.lib oleaut32.lib uuid.lib comdlg32.lib advapi32.lib && cd ."
        
      exitCode: 0
  -
    kind: "try_compile-v1"
    backtrace:
      - "C:/Users/marce/AppData/Local/vcpkg/downloads/tools/cmake-3.31.10-windows/cmake-3.31.10-windows-x86_64/share/cmake-3.31/Modules/Internal/CheckSourceCompiles.cmake:108 (try_compile)"
      - "C:/Users/marce/AppData/Local/vcpkg/downloads/tools/cmake-3.31.10-windows/cmake-3.31.10-windows-x86_64/share/cmake-3.31/Modules/CheckCSourceCompiles.cmake:58 (cmake_check_source_compiles)"
      - "CMakeLists.txt:1843 (check_c_source_compiles)"
    checks:
      - "Performing Test HAVE_XINPUT_H"
    directories:
      source: "C:/Users/marce/source/repos/PortalDungeon/vcpkg_installed/x64-windows/vcpkg/blds/sdl2/x64-windows-dbg/CMakeFiles/CMakeScratch/TryCompile-exp0l0"
      binary: "C:/Users/marce/source/repos/PortalDungeon/vcpkg_installed/x64-windows/vcpkg/blds/sdl2/x64-windows-dbg/CMakeFiles/CMakeScratch/TryCompile-exp0l0"
    cmakeVariables:
      CMAKE_C_FLAGS: " /nologo /DWIN32 /D_WINDOWS /utf-8 /MP "
      CMAKE_C_FLAGS_DEBUG: "/MDd /Z7 /Ob0 /Od /RTC1 "
      CMAKE_EXE_LINKER_FLAGS: "/machine:x64"
      CMAKE_MODULE_PATH: "C:/Users/marce/source/repos/PortalDungeon/vcpkg_installed/x64-windows/vcpkg/blds/sdl2/src/ase-2.32.8-cdefe94ced.clean/cmake"
      CMAKE_MSVC_DEBUG_INFORMATION_FORMAT: ""
      CMAKE_MSVC_RUNTIME_LIBRARY: "MultiThreaded$<$<CONFIG:Debug>:Debug>$<$<STREQUAL:dynamic,dynamic>:DLL>"
      VCPKG_CHAINLOAD_TOOLCHAIN_FILE: "C:/Program Files/Microsoft Visual Studio/18/Community/VC/vcpkg/scripts/toolchains/windows.cmake"
      VCPKG_CRT_LINKAGE: "dynamic"
      VCPKG_CXX_FLAGS: ""
      VCPKG_CXX_FLAGS_DEBUG: ""
      VCPKG_CXX_FLAGS_RELEASE: ""
      VCPKG_C_FLAGS: ""
      VCPKG_C_FLAGS_DEBUG: ""
      VCPKG_C_FLAGS_RELEASE: ""
      VCPKG_INSTALLED_DIR: "C:/Users/marce/source/repos/PortalDungeon/vcpkg_installed/x64-windows"
      VCPKG_LINKER_FLAGS: ""
      VCPKG_LINKER_FLAGS_DEBUG: ""
      VCPKG_LINKER_FLAGS_RELEASE: ""
      VCPKG_PLATFORM_TOOLSET: "v145"
      VCPKG_PREFER_SYSTEM_LIBS: "OFF"
      VCPKG_SET_CHARSET_FLAG: "ON"
      VCPKG_TARGET_ARCHITECTURE: "x64"
      VCPKG_TARGET_TRIPLET: "x64-windows"
      Z_VCPKG_ROOT_DIR: "C:/Program Files/Microsoft Visual Studio/18/Community/VC/vcpkg"
    buildResult:
      variable: "HAVE_XINPUT_H"
      cached: true
      stdout: |
        Change Dir: 'C:/Users/marce/source/repos/PortalDungeon/vcpkg_installed/x64-windows/vcpkg/blds/sdl2/x64-windows-dbg/CMakeFiles/CMakeScratch/TryCompile-exp0l0'
        
        Run Build Command(s): C:/Users/marce/AppData/Local/vcpkg/downloads/tools/ninja/1.13.1-windows/ninja.exe -v cmTC_f09c8
        [1/2] C:\\PROGRA~1\\MIB055~1\\18\\COMMUN~1\\VC\\Tools\\MSVC\\1450~1.357\\bin\\Hostx64\\x64\\cl.exe  /nologo -DHAVE_XINPUT_H  /nologo /DWIN32 /D_WINDOWS /utf-8 /MP   -D_GNU_SOURCE=1 /MDd /Z7 /Ob0 /Od /RTC1  -MDd /showIncludes /FoCMakeFiles\\cmTC_f09c8.dir\\src.c.obj /FdCMakeFiles\\cmTC_f09c8.dir\\ /FS -c C:\\Users\\marce\\source\\repos\\PortalDungeon\\vcpkg_installed\\x64-windows\\vcpkg\\blds\\sdl2\\x64-windows-dbg\\CMakeFiles\\CMakeScratch\\TryCompile-exp0l0\\src.c
        [2/2] C:\\WINDOWS\\system32\\cmd.exe /C "cd . && C:\\Users\\marce\\AppData\\Local\\vcpkg\\downloads\\tools\\cmake-3.31.10-windows\\cmake-3.31.10-windows-x86_64\\bin\\cmake.exe -E vs_link_exe --msvc-ver=1950 --intdir=CMakeFiles\\cmTC_f09c8.dir --rc=C:\\PROGRA~2\\WI3CF2~1\\10\\bin\\100261~1.0\\x64\\rc.exe --mt=C:\\PROGRA~2\\WI3CF2~1\\10\\bin\\100261~1.0\\x64\\mt.exe --manifests  -- C:\\PROGRA~1\\MIB055~1\\18\\COMMUN~1\\VC\\Tools\\MSVC\\1450~1.357\\bin\\Hostx64\\x64\\link.exe /nologo CMakeFiles\\cmTC_f09c8.dir\\src.c.obj  /out:cmTC_f09c8.exe /implib:cmTC_f09c8.lib /pdb:cmTC_f09c8.pdb /version:0.0 /machine:x64  /nologo    /debug /INCREMENTAL /subsystem:console  kernel32.lib user32.lib gdi32.lib winspool.lib shell32.lib ole32.lib oleaut32.lib uuid.lib comdlg32.lib advapi32.lib && cd ."
        
      exitCode: 0
  -
    kind: "try_compile-v1"
    backtrace:
      - "C:/Users/marce/AppData/Local/vcpkg/downloads/tools/cmake-3.31.10-windows/cmake-3.31.10-windows-x86_64/share/cmake-3.31/Modules/Internal/CheckSourceCompiles.cmake:108 (try_compile)"
      - "C:/Users/marce/AppData/Local/vcpkg/downloads/tools/cmake-3.31.10-windows/cmake-3.31.10-windows-x86_64/share/cmake-3.31/Modules/CheckCSourceCompiles.cmake:58 (cmake_check_source_compiles)"
      - "CMakeLists.txt:1847 (check_c_source_compiles)"
    checks:
      - "Performing Test HAVE_WINDOWS_GAMING_INPUT_H"
    directories:
      source: "C:/Users/marce/source/repos/PortalDungeon/vcpkg_installed/x64-windows/vcpkg/blds/sdl2/x64-windows-dbg/CMakeFiles/CMakeScratch/TryCompile-bt4erk"
      binary: "C:/Users/marce/source/repos/PortalDungeon/vcpkg_installed/x64-windows/vcpkg/blds/sdl2/x64-windows-dbg/CMakeFiles/CMakeScratch/TryCompile-bt4erk"
    cmakeVariables:
      CMAKE_C_FLAGS: " /nologo /DWIN32 /D_WINDOWS /utf-8 /MP "
      CMAKE_C_FLAGS_DEBUG: "/MDd /Z7 /Ob0 /Od /RTC1 "
      CMAKE_EXE_LINKER_FLAGS: "/machine:x64"
      CMAKE_MODULE_PATH: "C:/Users/marce/source/repos/PortalDungeon/vcpkg_installed/x64-windows/vcpkg/blds/sdl2/src/ase-2.32.8-cdefe94ced.clean/cmake"
      CMAKE_MSVC_DEBUG_INFORMATION_FORMAT: ""
      CMAKE_MSVC_RUNTIME_LIBRARY: "MultiThreaded$<$<CONFIG:Debug>:Debug>$<$<STREQUAL:dynamic,dynamic>:DLL>"
      VCPKG_CHAINLOAD_TOOLCHAIN_FILE: "C:/Program Files/Microsoft Visual Studio/18/Community/VC/vcpkg/scripts/toolchains/windows.cmake"
      VCPKG_CRT_LINKAGE: "dynamic"
      VCPKG_CXX_FLAGS: ""
      VCPKG_CXX_FLAGS_DEBUG: ""
      VCPKG_CXX_FLAGS_RELEASE: ""
      VCPKG_C_FLAGS: ""
      VCPKG_C_FLAGS_DEBUG: ""
      VCPKG_C_FLAGS_RELEASE: ""
      VCPKG_INSTALLED_DIR: "C:/Users/marce/source/repos/PortalDungeon/vcpkg_installed/x64-windows"
      VCPKG_LINKER_FLAGS: ""
      VCPKG_LINKER_FLAGS_DEBUG: ""
      VCPKG_LINKER_FLAGS_RELEASE: ""
      VCPKG_PLATFORM_TOOLSET: "v145"
      VCPKG_PREFER_SYSTEM_LIBS: "OFF"
      VCPKG_SET_CHARSET_FLAG: "ON"
      VCPKG_TARGET_ARCHITECTURE: "x64"
      VCPKG_TARGET_TRIPLET: "x64-windows"
      Z_VCPKG_ROOT_DIR: "C:/Program Files/Microsoft Visual Studio/18/Community/VC/vcpkg"
    buildResult:
      variable: "HAVE_WINDOWS_GAMING_INPUT_H"
      cached: true
      stdout: |
        Change Dir: 'C:/Users/marce/source/repos/PortalDungeon/vcpkg_installed/x64-windows/vcpkg/blds/sdl2/x64-windows-dbg/CMakeFiles/CMakeScratch/TryCompile-bt4erk'
        
        Run Build Command(s): C:/Users/marce/AppData/Local/vcpkg/downloads/tools/ninja/1.13.1-windows/ninja.exe -v cmTC_89183
        [1/2] C:\\PROGRA~1\\MIB055~1\\18\\COMMUN~1\\VC\\Tools\\MSVC\\1450~1.357\\bin\\Hostx64\\x64\\cl.exe  /nologo -DHAVE_WINDOWS_GAMING_INPUT_H  /nologo /DWIN32 /D_WINDOWS /utf-8 /MP   -D_GNU_SOURCE=1 /MDd /Z7 /Ob0 /Od /RTC1  -MDd /showIncludes /FoCMakeFiles\\cmTC_89183.dir\\src.c.obj /FdCMakeFiles\\cmTC_89183.dir\\ /FS -c C:\\Users\\marce\\source\\repos\\PortalDungeon\\vcpkg_installed\\x64-windows\\vcpkg\\blds\\sdl2\\x64-windows-dbg\\CMakeFiles\\CMakeScratch\\TryCompile-bt4erk\\src.c
        [2/2] C:\\WINDOWS\\system32\\cmd.exe /C "cd . && C:\\Users\\marce\\AppData\\Local\\vcpkg\\downloads\\tools\\cmake-3.31.10-windows\\cmake-3.31.10-windows-x86_64\\bin\\cmake.exe -E vs_link_exe --msvc-ver=1950 --intdir=CMakeFiles\\cmTC_89183.dir --rc=C:\\PROGRA~2\\WI3CF2~1\\10\\bin\\100261~1.0\\x64\\rc.exe --mt=C:\\PROGRA~2\\WI3CF2~1\\10\\bin\\100261~1.0\\x64\\mt.exe --manifests  -- C:\\PROGRA~1\\MIB055~1\\18\\COMMUN~1\\VC\\Tools\\MSVC\\1450~1.357\\bin\\Hostx64\\x64\\link.exe /nologo CMakeFiles\\cmTC_89183.dir\\src.c.obj  /out:cmTC_89183.exe /implib:cmTC_89183.lib /pdb:cmTC_89183.pdb /version:0.0 /machine:x64  /nologo    /debug /INCREMENTAL /subsystem:console  kernel32.lib user32.lib gdi32.lib winspool.lib shell32.lib ole32.lib oleaut32.lib uuid.lib comdlg32.lib advapi32.lib && cd ."
        
      exitCode: 0
  -
    kind: "try_compile-v1"
    backtrace:
      - "C:/Users/marce/AppData/Local/vcpkg/downloads/tools/cmake-3.31.10-windows/cmake-3.31.10-windows-x86_64/share/cmake-3.31/Modules/CheckIncludeFile.cmake:99 (try_compile)"
      - "CMakeLists.txt:1855 (check_include_file)"
    checks:
      - "Looking for tpcshrd.h"
    directories:
      source: "C:/Users/marce/source/repos/PortalDungeon/vcpkg_installed/x64-windows/vcpkg/blds/sdl2/x64-windows-dbg/CMakeFiles/CMakeScratch/TryCompile-ninn59"
      binary: "C:/Users/marce/source/repos/PortalDungeon/vcpkg_installed/x64-windows/vcpkg/blds/sdl2/x64-windows-dbg/CMakeFiles/CMakeScratch/TryCompile-ninn59"
    cmakeVariables:
      CMAKE_C_FLAGS: " /nologo /DWIN32 /D_WINDOWS /utf-8 /MP "
      CMAKE_C_FLAGS_DEBUG: "/MDd /Z7 /Ob0 /Od /RTC1 "
      CMAKE_EXE_LINKER_FLAGS: "/machine:x64"
      CMAKE_MODULE_PATH: "C:/Users/marce/source/repos/PortalDungeon/vcpkg_installed/x64-windows/vcpkg/blds/sdl2/src/ase-2.32.8-cdefe94ced.clean/cmake"
      CMAKE_MSVC_DEBUG_INFORMATION_FORMAT: ""
      CMAKE_MSVC_RUNTIME_LIBRARY: "MultiThreaded$<$<CONFIG:Debug>:Debug>$<$<STREQUAL:dynamic,dynamic>:DLL>"
      VCPKG_CHAINLOAD_TOOLCHAIN_FILE: "C:/Program Files/Microsoft Visual Studio/18/Community/VC/vcpkg/scripts/toolchains/windows.cmake"
      VCPKG_CRT_LINKAGE: "dynamic"
      VCPKG_CXX_FLAGS: ""
      VCPKG_CXX_FLAGS_DEBUG: ""
      VCPKG_CXX_FLAGS_RELEASE: ""
      VCPKG_C_FLAGS: ""
      VCPKG_C_FLAGS_DEBUG: ""
      VCPKG_C_FLAGS_RELEASE: ""
      VCPKG_INSTALLED_DIR: "C:/Users/marce/source/repos/PortalDungeon/vcpkg_installed/x64-windows"
      VCPKG_LINKER_FLAGS: ""
      VCPKG_LINKER_FLAGS_DEBUG: ""
      VCPKG_LINKER_FLAGS_RELEASE: ""
      VCPKG_PLATFORM_TOOLSET: "v145"
      VCPKG_PREFER_SYSTEM_LIBS: "OFF"
      VCPKG_SET_CHARSET_FLAG: "ON"
      VCPKG_TARGET_ARCHITECTURE: "x64"
      VCPKG_TARGET_TRIPLET: "x64-windows"
      Z_VCPKG_ROOT_DIR: "C:/Program Files/Microsoft Visual Studio/18/Community/VC/vcpkg"
    buildResult:
      variable: "HAVE_TPCSHRD_H"
      cached: true
      stdout: |
        Change Dir: 'C:/Users/marce/source/repos/PortalDungeon/vcpkg_installed/x64-windows/vcpkg/blds/sdl2/x64-windows-dbg/CMakeFiles/CMakeScratch/TryCompile-ninn59'
        
        Run Build Command(s): C:/Users/marce/AppData/Local/vcpkg/downloads/tools/ninja/1.13.1-windows/ninja.exe -v cmTC_46bce
        [1/2] C:\\PROGRA~1\\MIB055~1\\18\\COMMUN~1\\VC\\Tools\\MSVC\\1450~1.357\\bin\\Hostx64\\x64\\cl.exe  /nologo   /nologo /DWIN32 /D_WINDOWS /utf-8 /MP   -D_GNU_SOURCE=1 /MDd /Z7 /Ob0 /Od /RTC1  -MDd /showIncludes /FoCMakeFiles\\cmTC_46bce.dir\\CheckIncludeFile.c.obj /FdCMakeFiles\\cmTC_46bce.dir\\ /FS -c C:\\Users\\marce\\source\\repos\\PortalDungeon\\vcpkg_installed\\x64-windows\\vcpkg\\blds\\sdl2\\x64-windows-dbg\\CMakeFiles\\CMakeScratch\\TryCompile-ninn59\\CheckIncludeFile.c
        [2/2] C:\\WINDOWS\\system32\\cmd.exe /C "cd . && C:\\Users\\marce\\AppData\\Local\\vcpkg\\downloads\\tools\\cmake-3.31.10-windows\\cmake-3.31.10-windows-x86_64\\bin\\cmake.exe -E vs_link_exe --msvc-ver=1950 --intdir=CMakeFiles\\cmTC_46bce.dir --rc=C:\\PROGRA~2\\WI3CF2~1\\10\\bin\\100261~1.0\\x64\\rc.exe --mt=C:\\PROGRA~2\\WI3CF2~1\\10\\bin\\100261~1.0\\x64\\mt.exe --manifests  -- C:\\PROGRA~1\\MIB055~1\\18\\COMMUN~1\\VC\\Tools\\MSVC\\1450~1.357\\bin\\Hostx64\\x64\\link.exe /nologo CMakeFiles\\cmTC_46bce.dir\\CheckIncludeFile.c.obj  /out:cmTC_46bce.exe /implib:cmTC_46bce.lib /pdb:cmTC_46bce.pdb /version:0.0 /machine:x64  /nologo    /debug /INCREMENTAL /subsystem:console  kernel32.lib user32.lib gdi32.lib winspool.lib shell32.lib ole32.lib oleaut32.lib uuid.lib comdlg32.lib advapi32.lib && cd ."
        
      exitCode: 0
  -
    kind: "try_compile-v1"
    backtrace:
      - "C:/Users/marce/AppData/Local/vcpkg/downloads/tools/cmake-3.31.10-windows/cmake-3.31.10-windows-x86_64/share/cmake-3.31/Modules/CheckIncludeFile.cmake:99 (try_compile)"
      - "CMakeLists.txt:1856 (check_include_file)"
    checks:
      - "Looking for roapi.h"
    directories:
      source: "C:/Users/marce/source/repos/PortalDungeon/vcpkg_installed/x64-windows/vcpkg/blds/sdl2/x64-windows-dbg/CMakeFiles/CMakeScratch/TryCompile-m8qad1"
      binary: "C:/Users/marce/source/repos/PortalDungeon/vcpkg_installed/x64-windows/vcpkg/blds/sdl2/x64-windows-dbg/CMakeFiles/CMakeScratch/TryCompile-m8qad1"
    cmakeVariables:
      CMAKE_C_FLAGS: " /nologo /DWIN32 /D_WINDOWS /utf-8 /MP "
      CMAKE_C_FLAGS_DEBUG: "/MDd /Z7 /Ob0 /Od /RTC1 "
      CMAKE_EXE_LINKER_FLAGS: "/machine:x64"
      CMAKE_MODULE_PATH: "C:/Users/marce/source/repos/PortalDungeon/vcpkg_installed/x64-windows/vcpkg/blds/sdl2/src/ase-2.32.8-cdefe94ced.clean/cmake"
      CMAKE_MSVC_DEBUG_INFORMATION_FORMAT: ""
      CMAKE_MSVC_RUNTIME_LIBRARY: "MultiThreaded$<$<CONFIG:Debug>:Debug>$<$<STREQUAL:dynamic,dynamic>:DLL>"
      VCPKG_CHAINLOAD_TOOLCHAIN_FILE: "C:/Program Files/Microsoft Visual Studio/18/Community/VC/vcpkg/scripts/toolchains/windows.cmake"
      VCPKG_CRT_LINKAGE: "dynamic"
      VCPKG_CXX_FLAGS: ""
      VCPKG_CXX_FLAGS_DEBUG: ""
      VCPKG_CXX_FLAGS_RELEASE: ""
      VCPKG_C_FLAGS: ""
      VCPKG_C_FLAGS_DEBUG: ""
      VCPKG_C_FLAGS_RELEASE: ""
      VCPKG_INSTALLED_DIR: "C:/Users/marce/source/repos/PortalDungeon/vcpkg_installed/x64-windows"
      VCPKG_LINKER_FLAGS: ""
      VCPKG_LINKER_FLAGS_DEBUG: ""
      VCPKG_LINKER_FLAGS_RELEASE: ""
      VCPKG_PLATFORM_TOOLSET: "v145"
      VCPKG_PREFER_SYSTEM_LIBS: "OFF"
      VCPKG_SET_CHARSET_FLAG: "ON"
      VCPKG_TARGET_ARCHITECTURE: "x64"
      VCPKG_TARGET_TRIPLET: "x64-windows"
      Z_VCPKG_ROOT_DIR: "C:/Program Files/Microsoft Visual Studio/18/Community/VC/vcpkg"
    buildResult:
      variable: "HAVE_ROAPI_H"
      cached: true
      stdout: |
        Change Dir: 'C:/Users/marce/source/repos/PortalDungeon/vcpkg_installed/x64-windows/vcpkg/blds/sdl2/x64-windows-dbg/CMakeFiles/CMakeScratch/TryCompile-m8qad1'
        
        Run Build Command(s): C:/Users/marce/AppData/Local/vcpkg/downloads/tools/ninja/1.13.1-windows/ninja.exe -v cmTC_60455
        [1/2] C:\\PROGRA~1\\MIB055~1\\18\\COMMUN~1\\VC\\Tools\\MSVC\\1450~1.357\\bin\\Hostx64\\x64\\cl.exe  /nologo   /nologo /DWIN32 /D_WINDOWS /utf-8 /MP   -D_GNU_SOURCE=1 /MDd /Z7 /Ob0 /Od /RTC1  -MDd /showIncludes /FoCMakeFiles\\cmTC_60455.dir\\CheckIncludeFile.c.obj /FdCMakeFiles\\cmTC_60455.dir\\ /FS -c C:\\Users\\marce\\source\\repos\\PortalDungeon\\vcpkg_installed\\x64-windows\\vcpkg\\blds\\sdl2\\x64-windows-dbg\\CMakeFiles\\CMakeScratch\\TryCompile-m8qad1\\CheckIncludeFile.c
        [2/2] C:\\WINDOWS\\system32\\cmd.exe /C "cd . && C:\\Users\\marce\\AppData\\Local\\vcpkg\\downloads\\tools\\cmake-3.31.10-windows\\cmake-3.31.10-windows-x86_64\\bin\\cmake.exe -E vs_link_exe --msvc-ver=1950 --intdir=CMakeFiles\\cmTC_60455.dir --rc=C:\\PROGRA~2\\WI3CF2~1\\10\\bin\\100261~1.0\\x64\\rc.exe --mt=C:\\PROGRA~2\\WI3CF2~1\\10\\bin\\100261~1.0\\x64\\mt.exe --manifests  -- C:\\PROGRA~1\\MIB055~1\\18\\COMMUN~1\\VC\\Tools\\MSVC\\1450~1.357\\bin\\Hostx64\\x64\\link.exe /nologo CMakeFiles\\cmTC_60455.dir\\CheckIncludeFile.c.obj  /out:cmTC_60455.exe /implib:cmTC_60455.lib /pdb:cmTC_60455.pdb /version:0.0 /machine:x64  /nologo    /debug /INCREMENTAL /subsystem:console  kernel32.lib user32.lib gdi32.lib winspool.lib shell32.lib ole32.lib oleaut32.lib uuid.lib comdlg32.lib advapi32.lib && cd ."
        
      exitCode: 0
  -
    kind: "try_compile-v1"
    backtrace:
      - "C:/Users/marce/AppData/Local/vcpkg/downloads/tools/cmake-3.31.10-windows/cmake-3.31.10-windows-x86_64/share/cmake-3.31/Modules/CheckIncludeFile.cmake:99 (try_compile)"
      - "CMakeLists.txt:1857 (check_include_file)"
    checks:
      - "Looking for mmdeviceapi.h"
    directories:
      source: "C:/Users/marce/source/repos/PortalDungeon/vcpkg_installed/x64-windows/vcpkg/blds/sdl2/x64-windows-dbg/CMakeFiles/CMakeScratch/TryCompile-vogxym"
      binary: "C:/Users/marce/source/repos/PortalDungeon/vcpkg_installed/x64-windows/vcpkg/blds/sdl2/x64-windows-dbg/CMakeFiles/CMakeScratch/TryCompile-vogxym"
    cmakeVariables:
      CMAKE_C_FLAGS: " /nologo /DWIN32 /D_WINDOWS /utf-8 /MP "
      CMAKE_C_FLAGS_DEBUG: "/MDd /Z7 /Ob0 /Od /RTC1 "
      CMAKE_EXE_LINKER_FLAGS: "/machine:x64"
      CMAKE_MODULE_PATH: "C:/Users/marce/source/repos/PortalDungeon/vcpkg_installed/x64-windows/vcpkg/blds/sdl2/src/ase-2.32.8-cdefe94ced.clean/cmake"
      CMAKE_MSVC_DEBUG_INFORMATION_FORMAT: ""
      CMAKE_MSVC_RUNTIME_LIBRARY: "MultiThreaded$<$<CONFIG:Debug>:Debug>$<$<STREQUAL:dynamic,dynamic>:DLL>"
      VCPKG_CHAINLOAD_TOOLCHAIN_FILE: "C:/Program Files/Microsoft Visual Studio/18/Community/VC/vcpkg/scripts/toolchains/windows.cmake"
      VCPKG_CRT_LINKAGE: "dynamic"
      VCPKG_CXX_FLAGS: ""
      VCPKG_CXX_FLAGS_DEBUG: ""
      VCPKG_CXX_FLAGS_RELEASE: ""
      VCPKG_C_FLAGS: ""
      VCPKG_C_FLAGS_DEBUG: ""
      VCPKG_C_FLAGS_RELEASE: ""
      VCPKG_INSTALLED_DIR: "C:/Users/marce/source/repos/PortalDungeon/vcpkg_installed/x64-windows"
      VCPKG_LINKER_FLAGS: ""
      VCPKG_LINKER_FLAGS_DEBUG: ""
      VCPKG_LINKER_FLAGS_RELEASE: ""
      VCPKG_PLATFORM_TOOLSET: "v145"
      VCPKG_PREFER_SYSTEM_LIBS: "OFF"
      VCPKG_SET_CHARSET_FLAG: "ON"
      VCPKG_TARGET_ARCHITECTURE: "x64"
      VCPKG_TARGET_TRIPLET: "x64-windows"
      Z_VCPKG_ROOT_DIR: "C:/Program Files/Microsoft Visual Studio/18/Community/VC/vcpkg"
    buildResult:
      variable: "HAVE_MMDEVICEAPI_H"
      cached: true
      stdout: |
        Change Dir: 'C:/Users/marce/source/repos/PortalDungeon/vcpkg_installed/x64-windows/vcpkg/blds/sdl2/x64-windows-dbg/CMakeFiles/CMakeScratch/TryCompile-vogxym'
        
        Run Build Command(s): C:/Users/marce/AppData/Local/vcpkg/downloads/tools/ninja/1.13.1-windows/ninja.exe -v cmTC_a7299
        [1/2] C:\\PROGRA~1\\MIB055~1\\18\\COMMUN~1\\VC\\Tools\\MSVC\\1450~1.357\\bin\\Hostx64\\x64\\cl.exe  /nologo   /nologo /DWIN32 /D_WINDOWS /utf-8 /MP   -D_GNU_SOURCE=1 /MDd /Z7 /Ob0 /Od /RTC1  -MDd /showIncludes /FoCMakeFiles\\cmTC_a7299.dir\\CheckIncludeFile.c.obj /FdCMakeFiles\\cmTC_a7299.dir\\ /FS -c C:\\Users\\marce\\source\\repos\\PortalDungeon\\vcpkg_installed\\x64-windows\\vcpkg\\blds\\sdl2\\x64-windows-dbg\\CMakeFiles\\CMakeScratch\\TryCompile-vogxym\\CheckIncludeFile.c
        [2/2] C:\\WINDOWS\\system32\\cmd.exe /C "cd . && C:\\Users\\marce\\AppData\\Local\\vcpkg\\downloads\\tools\\cmake-3.31.10-windows\\cmake-3.31.10-windows-x86_64\\bin\\cmake.exe -E vs_link_exe --msvc-ver=1950 --intdir=CMakeFiles\\cmTC_a7299.dir --rc=C:\\PROGRA~2\\WI3CF2~1\\10\\bin\\100261~1.0\\x64\\rc.exe --mt=C:\\PROGRA~2\\WI3CF2~1\\10\\bin\\100261~1.0\\x64\\mt.exe --manifests  -- C:\\PROGRA~1\\MIB055~1\\18\\COMMUN~1\\VC\\Tools\\MSVC\\1450~1.357\\bin\\Hostx64\\x64\\link.exe /nologo CMakeFiles\\cmTC_a7299.dir\\CheckIncludeFile.c.obj  /out:cmTC_a7299.exe /implib:cmTC_a7299.lib /pdb:cmTC_a7299.pdb /version:0.0 /machine:x64  /nologo    /debug /INCREMENTAL /subsystem:console  kernel32.lib user32.lib gdi32.lib winspool.lib shell32.lib ole32.lib oleaut32.lib uuid.lib comdlg32.lib advapi32.lib && cd ."
        
      exitCode: 0
  -
    kind: "try_compile-v1"
    backtrace:
      - "C:/Users/marce/AppData/Local/vcpkg/downloads/tools/cmake-3.31.10-windows/cmake-3.31.10-windows-x86_64/share/cmake-3.31/Modules/CheckIncludeFile.cmake:99 (try_compile)"
      - "CMakeLists.txt:1858 (check_include_file)"
    checks:
      - "Looking for audioclient.h"
    directories:
      source: "C:/Users/marce/source/repos/PortalDungeon/vcpkg_installed/x64-windows/vcpkg/blds/sdl2/x64-windows-dbg/CMakeFiles/CMakeScratch/TryCompile-b4dhfh"
      binary: "C:/Users/marce/source/repos/PortalDungeon/vcpkg_installed/x64-windows/vcpkg/blds/sdl2/x64-windows-dbg/CMakeFiles/CMakeScratch/TryCompile-b4dhfh"
    cmakeVariables:
      CMAKE_C_FLAGS: " /nologo /DWIN32 /D_WINDOWS /utf-8 /MP "
      CMAKE_C_FLAGS_DEBUG: "/MDd /Z7 /Ob0 /Od /RTC1 "
      CMAKE_EXE_LINKER_FLAGS: "/machine:x64"
      CMAKE_MODULE_PATH: "C:/Users/marce/source/repos/PortalDungeon/vcpkg_installed/x64-windows/vcpkg/blds/sdl2/src/ase-2.32.8-cdefe94ced.clean/cmake"
      CMAKE_MSVC_DEBUG_INFORMATION_FORMAT: ""
      CMAKE_MSVC_RUNTIME_LIBRARY: "MultiThreaded$<$<CONFIG:Debug>:Debug>$<$<STREQUAL:dynamic,dynamic>:DLL>"
      VCPKG_CHAINLOAD_TOOLCHAIN_FILE: "C:/Program Files/Microsoft Visual Studio/18/Community/VC/vcpkg/scripts/toolchains/windows.cmake"
      VCPKG_CRT_LINKAGE: "dynamic"
      VCPKG_CXX_FLAGS: ""
      VCPKG_CXX_FLAGS_DEBUG: ""
      VCPKG_CXX_FLAGS_RELEASE: ""
      VCPKG_C_FLAGS: ""
      VCPKG_C_FLAGS_DEBUG: ""
      VCPKG_C_FLAGS_RELEASE: ""
      VCPKG_INSTALLED_DIR: "C:/Users/marce/source/repos/PortalDungeon/vcpkg_installed/x64-windows"
      VCPKG_LINKER_FLAGS: ""
      VCPKG_LINKER_FLAGS_DEBUG: ""
      VCPKG_LINKER_FLAGS_RELEASE: ""
      VCPKG_PLATFORM_TOOLSET: "v145"
      VCPKG_PREFER_SYSTEM_LIBS: "OFF"
      VCPKG_SET_CHARSET_FLAG: "ON"
      VCPKG_TARGET_ARCHITECTURE: "x64"
      VCPKG_TARGET_TRIPLET: "x64-windows"
      Z_VCPKG_ROOT_DIR: "C:/Program Files/Microsoft Visual Studio/18/Community/VC/vcpkg"
    buildResult:
      variable: "HAVE_AUDIOCLIENT_H"
      cached: true
      stdout: |
        Change Dir: 'C:/Users/marce/source/repos/PortalDungeon/vcpkg_installed/x64-windows/vcpkg/blds/sdl2/x64-windows-dbg/CMakeFiles/CMakeScratch/TryCompile-b4dhfh'
        
        Run Build Command(s): C:/Users/marce/AppData/Local/vcpkg/downloads/tools/ninja/1.13.1-windows/ninja.exe -v cmTC_4b08b
        [1/2] C:\\PROGRA~1\\MIB055~1\\18\\COMMUN~1\\VC\\Tools\\MSVC\\1450~1.357\\bin\\Hostx64\\x64\\cl.exe  /nologo   /nologo /DWIN32 /D_WINDOWS /utf-8 /MP   -D_GNU_SOURCE=1 /MDd /Z7 /Ob0 /Od /RTC1  -MDd /showIncludes /FoCMakeFiles\\cmTC_4b08b.dir\\CheckIncludeFile.c.obj /FdCMakeFiles\\cmTC_4b08b.dir\\ /FS -c C:\\Users\\marce\\source\\repos\\PortalDungeon\\vcpkg_installed\\x64-windows\\vcpkg\\blds\\sdl2\\x64-windows-dbg\\CMakeFiles\\CMakeScratch\\TryCompile-b4dhfh\\CheckIncludeFile.c
        [2/2] C:\\WINDOWS\\system32\\cmd.exe /C "cd . && C:\\Users\\marce\\AppData\\Local\\vcpkg\\downloads\\tools\\cmake-3.31.10-windows\\cmake-3.31.10-windows-x86_64\\bin\\cmake.exe -E vs_link_exe --msvc-ver=1950 --intdir=CMakeFiles\\cmTC_4b08b.dir --rc=C:\\PROGRA~2\\WI3CF2~1\\10\\bin\\100261~1.0\\x64\\rc.exe --mt=C:\\PROGRA~2\\WI3CF2~1\\10\\bin\\100261~1.0\\x64\\mt.exe --manifests  -- C:\\PROGRA~1\\MIB055~1\\18\\COMMUN~1\\VC\\Tools\\MSVC\\1450~1.357\\bin\\Hostx64\\x64\\link.exe /nologo CMakeFiles\\cmTC_4b08b.dir\\CheckIncludeFile.c.obj  /out:cmTC_4b08b.exe /implib:cmTC_4b08b.lib /pdb:cmTC_4b08b.pdb /version:0.0 /machine:x64  /nologo    /debug /INCREMENTAL /subsystem:console  kernel32.lib user32.lib gdi32.lib winspool.lib shell32.lib ole32.lib oleaut32.lib uuid.lib comdlg32.lib advapi32.lib && cd ."
        
      exitCode: 0
  -
    kind: "try_compile-v1"
    backtrace:
      - "C:/Users/marce/AppData/Local/vcpkg/downloads/tools/cmake-3.31.10-windows/cmake-3.31.10-windows-x86_64/share/cmake-3.31/Modules/CheckIncludeFile.cmake:99 (try_compile)"
      - "CMakeLists.txt:1859 (check_include_file)"
    checks:
      - "Looking for sensorsapi.h"
    directories:
      source: "C:/Users/marce/source/repos/PortalDungeon/vcpkg_installed/x64-windows/vcpkg/blds/sdl2/x64-windows-dbg/CMakeFiles/CMakeScratch/TryCompile-96d5ih"
      binary: "C:/Users/marce/source/repos/PortalDungeon/vcpkg_installed/x64-windows/vcpkg/blds/sdl2/x64-windows-dbg/CMakeFiles/CMakeScratch/TryCompile-96d5ih"
    cmakeVariables:
      CMAKE_C_FLAGS: " /nologo /DWIN32 /D_WINDOWS /utf-8 /MP "
      CMAKE_C_FLAGS_DEBUG: "/MDd /Z7 /Ob0 /Od /RTC1 "
      CMAKE_EXE_LINKER_FLAGS: "/machine:x64"
      CMAKE_MODULE_PATH: "C:/Users/marce/source/repos/PortalDungeon/vcpkg_installed/x64-windows/vcpkg/blds/sdl2/src/ase-2.32.8-cdefe94ced.clean/cmake"
      CMAKE_MSVC_DEBUG_INFORMATION_FORMAT: ""
      CMAKE_MSVC_RUNTIME_LIBRARY: "MultiThreaded$<$<CONFIG:Debug>:Debug>$<$<STREQUAL:dynamic,dynamic>:DLL>"
      VCPKG_CHAINLOAD_TOOLCHAIN_FILE: "C:/Program Files/Microsoft Visual Studio/18/Community/VC/vcpkg/scripts/toolchains/windows.cmake"
      VCPKG_CRT_LINKAGE: "dynamic"
      VCPKG_CXX_FLAGS: ""
      VCPKG_CXX_FLAGS_DEBUG: ""
      VCPKG_CXX_FLAGS_RELEASE: ""
      VCPKG_C_FLAGS: ""
      VCPKG_C_FLAGS_DEBUG: ""
      VCPKG_C_FLAGS_RELEASE: ""
      VCPKG_INSTALLED_DIR: "C:/Users/marce/source/repos/PortalDungeon/vcpkg_installed/x64-windows"
      VCPKG_LINKER_FLAGS: ""
      VCPKG_LINKER_FLAGS_DEBUG: ""
      VCPKG_LINKER_FLAGS_RELEASE: ""
      VCPKG_PLATFORM_TOOLSET: "v145"
      VCPKG_PREFER_SYSTEM_LIBS: "OFF"
      VCPKG_SET_CHARSET_FLAG: "ON"
      VCPKG_TARGET_ARCHITECTURE: "x64"
      VCPKG_TARGET_TRIPLET: "x64-windows"
      Z_VCPKG_ROOT_DIR: "C:/Program Files/Microsoft Visual Studio/18/Community/VC/vcpkg"
    buildResult:
      variable: "HAVE_SENSORSAPI_H"
      cached: true
      stdout: |
        Change Dir: 'C:/Users/marce/source/repos/PortalDungeon/vcpkg_installed/x64-windows/vcpkg/blds/sdl2/x64-windows-dbg/CMakeFiles/CMakeScratch/TryCompile-96d5ih'
        
        Run Build Command(s): C:/Users/marce/AppData/Local/vcpkg/downloads/tools/ninja/1.13.1-windows/ninja.exe -v cmTC_debd2
        [1/2] C:\\PROGRA~1\\MIB055~1\\18\\COMMUN~1\\VC\\Tools\\MSVC\\1450~1.357\\bin\\Hostx64\\x64\\cl.exe  /nologo   /nologo /DWIN32 /D_WINDOWS /utf-8 /MP   -D_GNU_SOURCE=1 /MDd /Z7 /Ob0 /Od /RTC1  -MDd /showIncludes /FoCMakeFiles\\cmTC_debd2.dir\\CheckIncludeFile.c.obj /FdCMakeFiles\\cmTC_debd2.dir\\ /FS -c C:\\Users\\marce\\source\\repos\\PortalDungeon\\vcpkg_installed\\x64-windows\\vcpkg\\blds\\sdl2\\x64-windows-dbg\\CMakeFiles\\CMakeScratch\\TryCompile-96d5ih\\CheckIncludeFile.c
        [2/2] C:\\WINDOWS\\system32\\cmd.exe /C "cd . && C:\\Users\\marce\\AppData\\Local\\vcpkg\\downloads\\tools\\cmake-3.31.10-windows\\cmake-3.31.10-windows-x86_64\\bin\\cmake.exe -E vs_link_exe --msvc-ver=1950 --intdir=CMakeFiles\\cmTC_debd2.dir --rc=C:\\PROGRA~2\\WI3CF2~1\\10\\bin\\100261~1.0\\x64\\rc.exe --mt=C:\\PROGRA~2\\WI3CF2~1\\10\\bin\\100261~1.0\\x64\\mt.exe --manifests  -- C:\\PROGRA~1\\MIB055~1\\18\\COMMUN~1\\VC\\Tools\\MSVC\\1450~1.357\\bin\\Hostx64\\x64\\link.exe /nologo CMakeFiles\\cmTC_debd2.dir\\CheckIncludeFile.c.obj  /out:cmTC_debd2.exe /implib:cmTC_debd2.lib /pdb:cmTC_debd2.pdb /version:0.0 /machine:x64  /nologo    /debug /INCREMENTAL /subsystem:console  kernel32.lib user32.lib gdi32.lib winspool.lib shell32.lib ole32.lib oleaut32.lib uuid.lib comdlg32.lib advapi32.lib && cd ."
        
      exitCode: 0
  -
    kind: "try_compile-v1"
    backtrace:
      - "C:/Users/marce/AppData/Local/vcpkg/downloads/tools/cmake-3.31.10-windows/cmake-3.31.10-windows-x86_64/share/cmake-3.31/Modules/CheckIncludeFile.cmake:99 (try_compile)"
      - "CMakeLists.txt:1860 (check_include_file)"
    checks:
      - "Looking for shellscalingapi.h"
    directories:
      source: "C:/Users/marce/source/repos/PortalDungeon/vcpkg_installed/x64-windows/vcpkg/blds/sdl2/x64-windows-dbg/CMakeFiles/CMakeScratch/TryCompile-86xmbm"
      binary: "C:/Users/marce/source/repos/PortalDungeon/vcpkg_installed/x64-windows/vcpkg/blds/sdl2/x64-windows-dbg/CMakeFiles/CMakeScratch/TryCompile-86xmbm"
    cmakeVariables:
      CMAKE_C_FLAGS: " /nologo /DWIN32 /D_WINDOWS /utf-8 /MP "
      CMAKE_C_FLAGS_DEBUG: "/MDd /Z7 /Ob0 /Od /RTC1 "
      CMAKE_EXE_LINKER_FLAGS: "/machine:x64"
      CMAKE_MODULE_PATH: "C:/Users/marce/source/repos/PortalDungeon/vcpkg_installed/x64-windows/vcpkg/blds/sdl2/src/ase-2.32.8-cdefe94ced.clean/cmake"
      CMAKE_MSVC_DEBUG_INFORMATION_FORMAT: ""
      CMAKE_MSVC_RUNTIME_LIBRARY: "MultiThreaded$<$<CONFIG:Debug>:Debug>$<$<STREQUAL:dynamic,dynamic>:DLL>"
      VCPKG_CHAINLOAD_TOOLCHAIN_FILE: "C:/Program Files/Microsoft Visual Studio/18/Community/VC/vcpkg/scripts/toolchains/windows.cmake"
      VCPKG_CRT_LINKAGE: "dynamic"
      VCPKG_CXX_FLAGS: ""
      VCPKG_CXX_FLAGS_DEBUG: ""
      VCPKG_CXX_FLAGS_RELEASE: ""
      VCPKG_C_FLAGS: ""
      VCPKG_C_FLAGS_DEBUG: ""
      VCPKG_C_FLAGS_RELEASE: ""
      VCPKG_INSTALLED_DIR: "C:/Users/marce/source/repos/PortalDungeon/vcpkg_installed/x64-windows"
      VCPKG_LINKER_FLAGS: ""
      VCPKG_LINKER_FLAGS_DEBUG: ""
      VCPKG_LINKER_FLAGS_RELEASE: ""
      VCPKG_PLATFORM_TOOLSET: "v145"
      VCPKG_PREFER_SYSTEM_LIBS: "OFF"
      VCPKG_SET_CHARSET_FLAG: "ON"
      VCPKG_TARGET_ARCHITECTURE: "x64"
      VCPKG_TARGET_TRIPLET: "x64-windows"
      Z_VCPKG_ROOT_DIR: "C:/Program Files/Microsoft Visual Studio/18/Community/VC/vcpkg"
    buildResult:
      variable: "HAVE_SHELLSCALINGAPI_H"
      cached: true
      stdout: |
        Change Dir: 'C:/Users/marce/source/repos/PortalDungeon/vcpkg_installed/x64-windows/vcpkg/blds/sdl2/x64-windows-dbg/CMakeFiles/CMakeScratch/TryCompile-86xmbm'
        
        Run Build Command(s): C:/Users/marce/AppData/Local/vcpkg/downloads/tools/ninja/1.13.1-windows/ninja.exe -v cmTC_437ac
        [1/2] C:\\PROGRA~1\\MIB055~1\\18\\COMMUN~1\\VC\\Tools\\MSVC\\1450~1.357\\bin\\Hostx64\\x64\\cl.exe  /nologo   /nologo /DWIN32 /D_WINDOWS /utf-8 /MP   -D_GNU_SOURCE=1 /MDd /Z7 /Ob0 /Od /RTC1  -MDd /showIncludes /FoCMakeFiles\\cmTC_437ac.dir\\CheckIncludeFile.c.obj /FdCMakeFiles\\cmTC_437ac.dir\\ /FS -c C:\\Users\\marce\\source\\repos\\PortalDungeon\\vcpkg_installed\\x64-windows\\vcpkg\\blds\\sdl2\\x64-windows-dbg\\CMakeFiles\\CMakeScratch\\TryCompile-86xmbm\\CheckIncludeFile.c
        [2/2] C:\\WINDOWS\\system32\\cmd.exe /C "cd . && C:\\Users\\marce\\AppData\\Local\\vcpkg\\downloads\\tools\\cmake-3.31.10-windows\\cmake-3.31.10-windows-x86_64\\bin\\cmake.exe -E vs_link_exe --msvc-ver=1950 --intdir=CMakeFiles\\cmTC_437ac.dir --rc=C:\\PROGRA~2\\WI3CF2~1\\10\\bin\\100261~1.0\\x64\\rc.exe --mt=C:\\PROGRA~2\\WI3CF2~1\\10\\bin\\100261~1.0\\x64\\mt.exe --manifests  -- C:\\PROGRA~1\\MIB055~1\\18\\COMMUN~1\\VC\\Tools\\MSVC\\1450~1.357\\bin\\Hostx64\\x64\\link.exe /nologo CMakeFiles\\cmTC_437ac.dir\\CheckIncludeFile.c.obj  /out:cmTC_437ac.exe /implib:cmTC_437ac.lib /pdb:cmTC_437ac.pdb /version:0.0 /machine:x64  /nologo    /debug /INCREMENTAL /subsystem:console  kernel32.lib user32.lib gdi32.lib winspool.lib shell32.lib ole32.lib oleaut32.lib uuid.lib comdlg32.lib advapi32.lib && cd ."
        
      exitCode: 0
...
